acc,bal_acc,n,subject,rung,model,task
0.5333333333333333,0.5335968379446641,45,1,1-within-subject,laterality,imagery
0.4888888888888889,0.48814229249011853,45,2,1-within-subject,laterality,imagery
0.5111111111111111,0.5118577075098814,45,3,1-within-subject,laterality,imagery
0.6666666666666666,0.6640316205533596,45,4,1-within-subject,laterality,imagery
0.5333333333333333,0.5,45,5,1-within-subject,laterality,imagery
0.7111111111111111,0.708498023715415,45,7,1-within-subject,laterality,imagery
0.5714285714285714,0.5522727272727272,42,9,1-within-subject,laterality,imagery
0.5555555555555556,0.5238095238095238,45,10,1-within-subject,laterality,imagery
0.5333333333333333,0.5266798418972332,45,11,1-within-subject,laterality,imagery
0.6,0.5714285714285714,45,12,1-within-subject,laterality,imagery
0.5357142857142857,0.5358974358974359,28,13,1-within-subject,laterality,imagery
0.4666666666666667,0.4624505928853755,45,14,1-within-subject,laterality,imagery
0.4888888888888889,0.48320158102766797,45,15,1-within-subject,laterality,imagery
0.5555555555555556,0.5474308300395256,45,16,1-within-subject,laterality,imagery
0.4666666666666667,0.4634387351778656,45,18,1-within-subject,laterality,imagery
0.55,0.5,40,19,1-within-subject,laterality,imagery
0.4666666666666667,0.4644268774703557,45,20,1-within-subject,laterality,imagery
0.6052631578947368,0.5833333333333334,38,21,1-within-subject,laterality,imagery
0.4888888888888889,0.49011857707509876,45,23,1-within-subject,laterality,imagery
0.5263157894736842,0.5098039215686274,38,24,1-within-subject,laterality,imagery
0.4222222222222222,0.42391304347826086,45,25,1-within-subject,laterality,imagery
0.4888888888888889,0.4851778656126482,45,28,1-within-subject,laterality,imagery
0.8222222222222222,0.8231225296442688,45,29,1-within-subject,laterality,imagery
0.5777777777777777,0.5535714285714286,45,30,1-within-subject,laterality,imagery
0.6444444444444445,0.6442687747035574,45,31,1-within-subject,laterality,imagery
0.6222222222222222,0.5982142857142857,45,32,1-within-subject,laterality,imagery
0.7333333333333333,0.7322134387351779,45,33,1-within-subject,laterality,imagery
0.7674418604651163,0.7683982683982684,43,34,1-within-subject,laterality,imagery
0.4888888888888889,0.4851778656126482,45,35,1-within-subject,laterality,imagery
0.4222222222222222,0.4169960474308301,45,36,1-within-subject,laterality,imagery
0.4883720930232558,0.48484848484848486,43,37,1-within-subject,laterality,imagery
0.5853658536585366,0.5705741626794258,41,39,1-within-subject,laterality,imagery
0.5333333333333333,0.5,45,40,1-within-subject,laterality,imagery
0.5681818181818182,0.5559006211180124,44,41,1-within-subject,laterality,imagery
0.9111111111111111,0.9110671936758893,45,42,1-within-subject,laterality,imagery
0.5777777777777777,0.5770750988142292,45,43,1-within-subject,laterality,imagery
0.5294117647058824,0.4807017543859649,34,44,1-within-subject,laterality,imagery
0.4888888888888889,0.4841897233201581,45,45,1-within-subject,laterality,imagery
0.5111111111111111,0.5049407114624506,45,46,1-within-subject,laterality,imagery
0.6666666666666666,0.6547619047619048,45,47,1-within-subject,laterality,imagery
0.6176470588235294,0.6111111111111112,34,48,1-within-subject,laterality,imagery
0.6046511627906976,0.5984848484848485,43,49,1-within-subject,laterality,imagery
0.5333333333333333,0.5266798418972332,45,50,1-within-subject,laterality,imagery
0.5111111111111111,0.4791666666666667,45,51,1-within-subject,laterality,imagery
0.6046511627906976,0.6017316017316017,43,52,1-within-subject,laterality,imagery
0.4888888888888889,0.48221343873517786,45,53,1-within-subject,laterality,imagery
0.8181818181818182,0.815734989648033,44,54,1-within-subject,laterality,imagery
0.5555555555555556,0.5523715415019763,45,55,1-within-subject,laterality,imagery
0.5333333333333333,0.5,45,58,1-within-subject,laterality,imagery
0.5111111111111111,0.4791666666666667,45,59,1-within-subject,laterality,imagery
0.8181818181818182,0.8181818181818181,44,60,1-within-subject,laterality,imagery
0.45,0.44999999999999996,40,61,1-within-subject,laterality,imagery
0.6666666666666666,0.6650197628458498,45,62,1-within-subject,laterality,imagery
0.5227272727272727,0.5020703933747412,44,64,1-within-subject,laterality,imagery
0.5111111111111111,0.4821428571428571,45,65,1-within-subject,laterality,imagery
0.4888888888888889,0.4782608695652174,45,67,1-within-subject,laterality,imagery
0.4222222222222222,0.4209486166007905,45,68,1-within-subject,laterality,imagery
0.5333333333333333,0.5059523809523809,45,69,1-within-subject,laterality,imagery
0.5333333333333333,0.5316205533596838,45,70,1-within-subject,laterality,imagery
0.8604651162790697,0.8582251082251082,43,72,1-within-subject,laterality,imagery
0.5238095238095238,0.5238095238095237,42,73,1-within-subject,laterality,imagery
0.4883720930232558,0.487012987012987,43,74,1-within-subject,laterality,imagery
0.4523809523809524,0.4431818181818182,42,75,1-within-subject,laterality,imagery
0.4523809523809524,0.45238095238095233,42,76,1-within-subject,laterality,imagery
0.5555555555555556,0.5297619047619048,45,77,1-within-subject,laterality,imagery
0.627906976744186,0.6266233766233766,43,79,1-within-subject,laterality,imagery
0.4444444444444444,0.4377470355731225,45,80,1-within-subject,laterality,imagery
0.5111111111111111,0.5049407114624506,45,82,1-within-subject,laterality,imagery
0.6444444444444445,0.642292490118577,45,84,1-within-subject,laterality,imagery
0.8444444444444444,0.842885375494071,45,85,1-within-subject,laterality,imagery
0.5,0.5,44,87,1-within-subject,laterality,imagery
0.4222222222222222,0.41897233201581024,45,90,1-within-subject,laterality,imagery
0.6888888888888889,0.6887351778656126,45,93,1-within-subject,laterality,imagery
0.6,0.599802371541502,45,94,1-within-subject,laterality,imagery
0.46511627906976744,0.461038961038961,43,95,1-within-subject,laterality,imagery
0.5348837209302325,0.525974025974026,43,96,1-within-subject,laterality,imagery
0.5909090909090909,0.5909090909090908,44,97,1-within-subject,laterality,imagery
0.5428571428571428,0.5,35,99,1-within-subject,laterality,imagery
0.5952380952380952,0.5952380952380952,42,102,1-within-subject,laterality,imagery
0.5111111111111111,0.5039525691699605,45,105,1-within-subject,laterality,imagery
0.5333333333333333,0.5,45,107,1-within-subject,laterality,imagery
0.5609756097560976,0.5595238095238095,41,108,1-within-subject,laterality,imagery
0.4666666666666667,0.4624505928853755,45,109,1-within-subject,laterality,imagery
0.6666666666666666,0.6669960474308301,45,1,1-within-subject,csp_lda,imagery
0.8666666666666667,0.8646245059288538,45,2,1-within-subject,csp_lda,imagery
0.5555555555555556,0.5533596837944664,45,3,1-within-subject,csp_lda,imagery
0.5333333333333333,0.5306324110671937,45,4,1-within-subject,csp_lda,imagery
0.5333333333333333,0.5297619047619048,45,5,1-within-subject,csp_lda,imagery
0.9555555555555556,0.9555335968379447,45,7,1-within-subject,csp_lda,imagery
0.5,0.5113636363636364,42,9,1-within-subject,csp_lda,imagery
0.6222222222222222,0.6279761904761905,45,10,1-within-subject,csp_lda,imagery
0.5777777777777777,0.5760869565217391,45,11,1-within-subject,csp_lda,imagery
0.6,0.5892857142857143,45,12,1-within-subject,csp_lda,imagery
0.5357142857142857,0.5256410256410257,28,13,1-within-subject,csp_lda,imagery
0.6,0.6017786561264822,45,14,1-within-subject,csp_lda,imagery
0.6888888888888889,0.6926877470355731,45,15,1-within-subject,csp_lda,imagery
0.4666666666666667,0.46936758893280633,45,16,1-within-subject,csp_lda,imagery
0.4444444444444444,0.44565217391304346,45,18,1-within-subject,csp_lda,imagery
0.4,0.3737373737373737,40,19,1-within-subject,csp_lda,imagery
0.5555555555555556,0.5533596837944664,45,20,1-within-subject,csp_lda,imagery
0.631578947368421,0.6472222222222221,38,21,1-within-subject,csp_lda,imagery
0.4888888888888889,0.48814229249011853,45,23,1-within-subject,csp_lda,imagery
0.5789473684210527,0.6190476190476191,38,24,1-within-subject,csp_lda,imagery
0.6222222222222222,0.6215415019762847,45,25,1-within-subject,csp_lda,imagery
0.5333333333333333,0.5335968379446641,45,28,1-within-subject,csp_lda,imagery
1.0,1.0,45,29,1-within-subject,csp_lda,imagery
0.5333333333333333,0.5267857142857143,45,30,1-within-subject,csp_lda,imagery
0.8444444444444444,0.8448616600790514,45,31,1-within-subject,csp_lda,imagery
0.7777777777777778,0.7738095238095238,45,32,1-within-subject,csp_lda,imagery
0.6444444444444445,0.6442687747035574,45,33,1-within-subject,csp_lda,imagery
0.8837209302325582,0.8831168831168831,43,34,1-within-subject,csp_lda,imagery
0.7333333333333333,0.7292490118577075,45,35,1-within-subject,csp_lda,imagery
0.6444444444444445,0.6393280632411067,45,36,1-within-subject,csp_lda,imagery
0.6046511627906976,0.6017316017316017,43,37,1-within-subject,csp_lda,imagery
0.5609756097560976,0.5550239234449761,41,39,1-within-subject,csp_lda,imagery
0.5555555555555556,0.5267857142857143,45,40,1-within-subject,csp_lda,imagery
0.5,0.49275362318840576,44,41,1-within-subject,csp_lda,imagery
0.8222222222222222,0.8221343873517787,45,42,1-within-subject,csp_lda,imagery
0.8444444444444444,0.8448616600790514,45,43,1-within-subject,csp_lda,imagery
0.6176470588235294,0.6017543859649123,34,44,1-within-subject,csp_lda,imagery
0.5555555555555556,0.5602766798418972,45,45,1-within-subject,csp_lda,imagery
0.5333333333333333,0.5335968379446641,45,46,1-within-subject,csp_lda,imagery
0.4222222222222222,0.4285714285714286,45,47,1-within-subject,csp_lda,imagery
0.7352941176470589,0.7395833333333333,34,48,1-within-subject,csp_lda,imagery
0.7674418604651163,0.7640692640692641,43,49,1-within-subject,csp_lda,imagery
0.5555555555555556,0.5543478260869565,45,50,1-within-subject,csp_lda,imagery
0.5111111111111111,0.5,45,51,1-within-subject,csp_lda,imagery
0.7441860465116279,0.7435064935064934,43,52,1-within-subject,csp_lda,imagery
0.9111111111111111,0.9100790513833992,45,53,1-within-subject,csp_lda,imagery
0.7954545454545454,0.7919254658385093,44,54,1-within-subject,csp_lda,imagery
0.7333333333333333,0.7322134387351779,45,55,1-within-subject,csp_lda,imagery
0.5333333333333333,0.5416666666666666,45,58,1-within-subject,csp_lda,imagery
0.4666666666666667,0.48214285714285715,45,59,1-within-subject,csp_lda,imagery
0.7954545454545454,0.7954545454545454,44,60,1-within-subject,csp_lda,imagery
0.725,0.725,40,61,1-within-subject,csp_lda,imagery
0.9333333333333333,0.9318181818181819,45,62,1-within-subject,csp_lda,imagery
0.5227272727272727,0.520703933747412,44,64,1-within-subject,csp_lda,imagery
0.6888888888888889,0.6815476190476191,45,65,1-within-subject,csp_lda,imagery
0.4888888888888889,0.49209486166007904,45,67,1-within-subject,csp_lda,imagery
0.5111111111111111,0.5098814229249011,45,68,1-within-subject,csp_lda,imagery
0.6222222222222222,0.6339285714285714,45,69,1-within-subject,csp_lda,imagery
0.6888888888888889,0.6936758893280632,45,70,1-within-subject,csp_lda,imagery
0.9302325581395349,0.9285714285714286,43,72,1-within-subject,csp_lda,imagery
0.47619047619047616,0.47619047619047616,42,73,1-within-subject,csp_lda,imagery
0.627906976744186,0.6233766233766234,43,74,1-within-subject,csp_lda,imagery
0.7142857142857143,0.7090909090909091,42,75,1-within-subject,csp_lda,imagery
0.4523809523809524,0.4523809523809524,42,76,1-within-subject,csp_lda,imagery
0.4444444444444444,0.43154761904761907,45,77,1-within-subject,csp_lda,imagery
0.6744186046511628,0.6785714285714286,43,79,1-within-subject,csp_lda,imagery
0.6,0.5948616600790514,45,80,1-within-subject,csp_lda,imagery
0.4666666666666667,0.4624505928853755,45,82,1-within-subject,csp_lda,imagery
0.6,0.599802371541502,45,84,1-within-subject,csp_lda,imagery
0.8444444444444444,0.841897233201581,45,85,1-within-subject,csp_lda,imagery
0.5454545454545454,0.5454545454545454,44,87,1-within-subject,csp_lda,imagery
0.5777777777777777,0.5731225296442688,45,90,1-within-subject,csp_lda,imagery
0.7777777777777778,0.7786561264822134,45,93,1-within-subject,csp_lda,imagery
0.9111111111111111,0.9110671936758893,45,94,1-within-subject,csp_lda,imagery
0.5813953488372093,0.577922077922078,43,95,1-within-subject,csp_lda,imagery
0.5116279069767442,0.5119047619047619,43,96,1-within-subject,csp_lda,imagery
0.6136363636363636,0.6136363636363636,44,97,1-within-subject,csp_lda,imagery
0.5428571428571428,0.5592105263157895,35,99,1-within-subject,csp_lda,imagery
0.5476190476190477,0.5476190476190477,42,102,1-within-subject,csp_lda,imagery
0.5333333333333333,0.5355731225296443,45,105,1-within-subject,csp_lda,imagery
0.6444444444444445,0.6369047619047619,45,107,1-within-subject,csp_lda,imagery
0.6829268292682927,0.6845238095238095,41,108,1-within-subject,csp_lda,imagery
0.5333333333333333,0.5306324110671937,45,109,1-within-subject,csp_lda,imagery
0.7111111111111111,0.7094861660079052,45,1,1-within-subject,ts_logreg,imagery
0.9333333333333333,0.9328063241106719,45,2,1-within-subject,ts_logreg,imagery
0.5555555555555556,0.5533596837944664,45,3,1-within-subject,ts_logreg,imagery
0.6222222222222222,0.6215415019762847,45,4,1-within-subject,ts_logreg,imagery
0.5333333333333333,0.5297619047619048,45,5,1-within-subject,ts_logreg,imagery
0.9555555555555556,0.9545454545454546,45,7,1-within-subject,ts_logreg,imagery
0.47619047619047616,0.46818181818181814,42,9,1-within-subject,ts_logreg,imagery
0.5333333333333333,0.5178571428571428,45,10,1-within-subject,ts_logreg,imagery
0.5777777777777777,0.5810276679841897,45,11,1-within-subject,ts_logreg,imagery
0.7333333333333333,0.7232142857142857,45,12,1-within-subject,ts_logreg,imagery
0.5714285714285714,0.5846153846153846,28,13,1-within-subject,ts_logreg,imagery
0.5333333333333333,0.5326086956521738,45,14,1-within-subject,ts_logreg,imagery
0.6666666666666666,0.6679841897233202,45,15,1-within-subject,ts_logreg,imagery
0.7111111111111111,0.708498023715415,45,16,1-within-subject,ts_logreg,imagery
0.3111111111111111,0.31126482213438733,45,18,1-within-subject,ts_logreg,imagery
0.475,0.4368686868686869,40,19,1-within-subject,ts_logreg,imagery
0.5555555555555556,0.5553359683794465,45,20,1-within-subject,ts_logreg,imagery
0.5263157894736842,0.5361111111111111,38,21,1-within-subject,ts_logreg,imagery
0.5333333333333333,0.5335968379446641,45,23,1-within-subject,ts_logreg,imagery
0.5263157894736842,0.5322128851540616,38,24,1-within-subject,ts_logreg,imagery
0.6666666666666666,0.6669960474308301,45,25,1-within-subject,ts_logreg,imagery
0.5111111111111111,0.5098814229249011,45,28,1-within-subject,ts_logreg,imagery
0.9777777777777777,0.9772727272727273,45,29,1-within-subject,ts_logreg,imagery
0.6888888888888889,0.6755952380952381,45,30,1-within-subject,ts_logreg,imagery
0.8222222222222222,0.8221343873517787,45,31,1-within-subject,ts_logreg,imagery
0.9111111111111111,0.9136904761904762,45,32,1-within-subject,ts_logreg,imagery
0.6888888888888889,0.6907114624505929,45,33,1-within-subject,ts_logreg,imagery
0.9302325581395349,0.9296536796536796,43,34,1-within-subject,ts_logreg,imagery
0.7777777777777778,0.7747035573122529,45,35,1-within-subject,ts_logreg,imagery
0.5111111111111111,0.5079051383399209,45,36,1-within-subject,ts_logreg,imagery
0.627906976744186,0.6233766233766234,43,37,1-within-subject,ts_logreg,imagery
0.5609756097560976,0.562200956937799,41,39,1-within-subject,ts_logreg,imagery
0.4444444444444444,0.4196428571428571,45,40,1-within-subject,ts_logreg,imagery
0.5454545454545454,0.5424430641821947,44,41,1-within-subject,ts_logreg,imagery
0.8888888888888888,0.8873517786561265,45,42,1-within-subject,ts_logreg,imagery
0.7111111111111111,0.7094861660079052,45,43,1-within-subject,ts_logreg,imagery
0.6470588235294118,0.6140350877192983,34,44,1-within-subject,ts_logreg,imagery
0.6888888888888889,0.6907114624505929,45,45,1-within-subject,ts_logreg,imagery
0.5555555555555556,0.5543478260869565,45,46,1-within-subject,ts_logreg,imagery
0.5555555555555556,0.5535714285714286,45,47,1-within-subject,ts_logreg,imagery
0.7058823529411765,0.7083333333333333,34,48,1-within-subject,ts_logreg,imagery
0.6976744186046512,0.6958874458874459,43,49,1-within-subject,ts_logreg,imagery
0.6444444444444445,0.6452569169960474,45,50,1-within-subject,ts_logreg,imagery
0.6888888888888889,0.6815476190476191,45,51,1-within-subject,ts_logreg,imagery
0.6744186046511628,0.6731601731601732,43,52,1-within-subject,ts_logreg,imagery
0.8888888888888888,0.8863636363636364,45,53,1-within-subject,ts_logreg,imagery
0.8409090909090909,0.8354037267080745,44,54,1-within-subject,ts_logreg,imagery
0.8,0.7974308300395256,45,55,1-within-subject,ts_logreg,imagery
0.5333333333333333,0.5297619047619048,45,58,1-within-subject,ts_logreg,imagery
0.5111111111111111,0.5089285714285714,45,59,1-within-subject,ts_logreg,imagery
0.8181818181818182,0.8181818181818182,44,60,1-within-subject,ts_logreg,imagery
0.675,0.675,40,61,1-within-subject,ts_logreg,imagery
0.8888888888888888,0.8873517786561265,45,62,1-within-subject,ts_logreg,imagery
0.5454545454545454,0.5445134575569358,44,64,1-within-subject,ts_logreg,imagery
0.6,0.5833333333333334,45,65,1-within-subject,ts_logreg,imagery
0.6,0.599802371541502,45,67,1-within-subject,ts_logreg,imagery
0.6,0.5938735177865613,45,68,1-within-subject,ts_logreg,imagery
0.5777777777777777,0.5773809523809523,45,69,1-within-subject,ts_logreg,imagery
0.7555555555555555,0.7519762845849802,45,70,1-within-subject,ts_logreg,imagery
0.9534883720930233,0.9523809523809523,43,72,1-within-subject,ts_logreg,imagery
0.6666666666666666,0.6666666666666667,42,73,1-within-subject,ts_logreg,imagery
0.627906976744186,0.6233766233766234,43,74,1-within-subject,ts_logreg,imagery
0.6666666666666666,0.6568181818181819,42,75,1-within-subject,ts_logreg,imagery
0.42857142857142855,0.4285714285714286,42,76,1-within-subject,ts_logreg,imagery
0.4,0.38095238095238093,45,77,1-within-subject,ts_logreg,imagery
0.7209302325581395,0.7175324675324675,43,79,1-within-subject,ts_logreg,imagery
0.6888888888888889,0.6867588932806324,45,80,1-within-subject,ts_logreg,imagery
0.7333333333333333,0.7292490118577075,45,82,1-within-subject,ts_logreg,imagery
0.5555555555555556,0.5533596837944664,45,84,1-within-subject,ts_logreg,imagery
0.8888888888888888,0.8873517786561265,45,85,1-within-subject,ts_logreg,imagery
0.5227272727272727,0.5227272727272727,44,87,1-within-subject,ts_logreg,imagery
0.6444444444444445,0.6393280632411067,45,90,1-within-subject,ts_logreg,imagery
0.8666666666666667,0.8656126482213439,45,93,1-within-subject,ts_logreg,imagery
0.9777777777777777,0.9782608695652174,45,94,1-within-subject,ts_logreg,imagery
0.5581395348837209,0.5573593073593074,43,95,1-within-subject,ts_logreg,imagery
0.627906976744186,0.6233766233766234,43,96,1-within-subject,ts_logreg,imagery
0.6363636363636364,0.6363636363636364,44,97,1-within-subject,ts_logreg,imagery
0.6,0.5822368421052632,35,99,1-within-subject,ts_logreg,imagery
0.5476190476190477,0.5476190476190477,42,102,1-within-subject,ts_logreg,imagery
0.6888888888888889,0.6887351778656126,45,105,1-within-subject,ts_logreg,imagery
0.6666666666666666,0.6755952380952381,45,107,1-within-subject,ts_logreg,imagery
0.7317073170731707,0.7309523809523809,41,108,1-within-subject,ts_logreg,imagery
0.4666666666666667,0.4634387351778656,45,109,1-within-subject,ts_logreg,imagery
0.6,0.5968379446640316,45,1,1-within-subject,laterality,executed
0.6222222222222222,0.6185770750988142,45,2,1-within-subject,laterality,executed
0.5333333333333333,0.5266798418972332,45,3,1-within-subject,laterality,executed
0.6904761904761905,0.6904761904761905,42,4,1-within-subject,laterality,executed
0.4666666666666667,0.47035573122529645,45,5,1-within-subject,laterality,executed
0.6444444444444445,0.6432806324110671,45,7,1-within-subject,laterality,executed
0.45454545454545453,0.45454545454545453,44,9,1-within-subject,laterality,executed
0.6222222222222222,0.6071428571428572,45,10,1-within-subject,laterality,executed
0.5111111111111111,0.5128458498023716,45,11,1-within-subject,laterality,executed
0.4666666666666667,0.44047619047619047,45,12,1-within-subject,laterality,executed
0.4838709677419355,0.48125,31,13,1-within-subject,laterality,executed
0.5333333333333333,0.5316205533596838,45,14,1-within-subject,laterality,executed
0.4883720930232558,0.48484848484848486,43,15,1-within-subject,laterality,executed
0.4444444444444444,0.4377470355731225,45,16,1-within-subject,laterality,executed
0.5555555555555556,0.5543478260869565,45,18,1-within-subject,laterality,executed
0.6976744186046512,0.6815217391304348,43,19,1-within-subject,laterality,executed
0.5111111111111111,0.4821428571428571,45,20,1-within-subject,laterality,executed
0.5277777777777778,0.5277777777777778,36,21,1-within-subject,laterality,executed
0.4318181818181818,0.4192546583850931,44,23,1-within-subject,laterality,executed
0.525,0.525,40,24,1-within-subject,laterality,executed
0.4444444444444444,0.441699604743083,45,25,1-within-subject,laterality,executed
0.5227272727272727,0.5062111801242236,44,28,1-within-subject,laterality,executed
0.6888888888888889,0.6887351778656126,45,29,1-within-subject,laterality,executed
0.4666666666666667,0.46640316205533594,45,30,1-within-subject,laterality,executed
0.5111111111111111,0.5108695652173914,45,31,1-within-subject,laterality,executed
0.5333333333333333,0.5355731225296443,45,32,1-within-subject,laterality,executed
0.4666666666666667,0.4375,45,33,1-within-subject,laterality,executed
0.6428571428571429,0.6428571428571428,42,34,1-within-subject,laterality,executed
0.6444444444444445,0.625,45,35,1-within-subject,laterality,executed
0.5111111111111111,0.5069169960474308,45,36,1-within-subject,laterality,executed
0.5238095238095238,0.5238095238095237,42,37,1-within-subject,laterality,executed
0.6,0.6017786561264822,45,39,1-within-subject,laterality,executed
0.5777777777777777,0.5760869565217391,45,40,1-within-subject,laterality,executed
0.47619047619047616,0.47619047619047616,42,41,1-within-subject,laterality,executed
0.7111111111111111,0.7114624505928854,45,42,1-within-subject,laterality,executed
0.4090909090909091,0.3995859213250518,44,43,1-within-subject,laterality,executed
0.625,0.6085858585858586,40,44,1-within-subject,laterality,executed
0.4666666666666667,0.46739130434782605,45,45,1-within-subject,laterality,executed
0.9777777777777777,0.9782608695652174,45,46,1-within-subject,laterality,executed
0.4,0.39723320158102765,45,47,1-within-subject,laterality,executed
0.5,0.5,38,48,1-within-subject,laterality,executed
0.7727272727272727,0.7727272727272727,44,49,1-within-subject,laterality,executed
0.4888888888888889,0.4583333333333333,45,50,1-within-subject,laterality,executed
0.30952380952380953,0.30952380952380953,42,51,1-within-subject,laterality,executed
0.5111111111111111,0.5088932806324111,45,52,1-within-subject,laterality,executed
0.5555555555555556,0.5484189723320158,45,53,1-within-subject,laterality,executed
0.7111111111111111,0.7124505928853755,45,54,1-within-subject,laterality,executed
0.5555555555555556,0.5523715415019763,45,55,1-within-subject,laterality,executed
0.4444444444444444,0.44664031620553357,45,58,1-within-subject,laterality,executed
0.5909090909090909,0.577639751552795,44,59,1-within-subject,laterality,executed
0.47619047619047616,0.47619047619047616,42,60,1-within-subject,laterality,executed
0.4883720930232558,0.466304347826087,43,61,1-within-subject,laterality,executed
0.4666666666666667,0.4634387351778656,45,62,1-within-subject,laterality,executed
0.3333333333333333,0.3333333333333333,42,64,1-within-subject,laterality,executed
0.5111111111111111,0.5059288537549407,45,65,1-within-subject,laterality,executed
0.5111111111111111,0.5088932806324111,45,67,1-within-subject,laterality,executed
0.5111111111111111,0.5088932806324111,45,68,1-within-subject,laterality,executed
0.4222222222222222,0.4169960474308301,45,69,1-within-subject,laterality,executed
0.6666666666666666,0.6660079051383399,45,70,1-within-subject,laterality,executed
0.7380952380952381,0.7380952380952381,42,72,1-within-subject,laterality,executed
0.42857142857142855,0.4285714285714286,42,73,1-within-subject,laterality,executed
0.5952380952380952,0.5952380952380952,42,74,1-within-subject,laterality,executed
0.5581395348837209,0.5573593073593074,43,75,1-within-subject,laterality,executed
0.5952380952380952,0.5952380952380952,42,76,1-within-subject,laterality,executed
0.46511627906976744,0.4380434782608696,43,77,1-within-subject,laterality,executed
0.55,0.5413533834586466,40,79,1-within-subject,laterality,executed
0.5333333333333333,0.5276679841897234,45,80,1-within-subject,laterality,executed
0.5333333333333333,0.5335968379446641,45,82,1-within-subject,laterality,executed
0.46511627906976744,0.45108695652173914,43,84,1-within-subject,laterality,executed
0.5333333333333333,0.5345849802371542,45,85,1-within-subject,laterality,executed
0.5555555555555556,0.5238095238095238,45,87,1-within-subject,laterality,executed
0.4888888888888889,0.4642857142857143,45,90,1-within-subject,laterality,executed
0.6666666666666666,0.6640316205533596,45,93,1-within-subject,laterality,executed
0.6222222222222222,0.6225296442687747,45,94,1-within-subject,laterality,executed
0.5227272727272727,0.5124223602484472,44,95,1-within-subject,laterality,executed
0.4634146341463415,0.45952380952380956,41,96,1-within-subject,laterality,executed
0.5777777777777777,0.5780632411067194,45,97,1-within-subject,laterality,executed
0.39473684210526316,0.37777777777777777,38,99,1-within-subject,laterality,executed
0.5714285714285714,0.5714285714285714,42,102,1-within-subject,laterality,executed
0.5777777777777777,0.5535714285714286,45,105,1-within-subject,laterality,executed
0.525,0.5,40,107,1-within-subject,laterality,executed
0.6,0.581453634085213,40,108,1-within-subject,laterality,executed
0.5384615384615384,0.5355263157894736,39,109,1-within-subject,laterality,executed
0.6444444444444445,0.6492094861660079,45,1,1-within-subject,csp_lda,executed
0.5555555555555556,0.5553359683794465,45,2,1-within-subject,csp_lda,executed
0.5555555555555556,0.5563241106719368,45,3,1-within-subject,csp_lda,executed
0.6904761904761905,0.6904761904761905,42,4,1-within-subject,csp_lda,executed
0.6,0.5978260869565217,45,5,1-within-subject,csp_lda,executed
0.8888888888888888,0.8883399209486166,45,7,1-within-subject,csp_lda,executed
0.6363636363636364,0.6363636363636364,44,9,1-within-subject,csp_lda,executed
0.7333333333333333,0.7172619047619048,45,10,1-within-subject,csp_lda,executed
0.4666666666666667,0.47529644268774707,45,11,1-within-subject,csp_lda,executed
0.8444444444444444,0.8363095238095238,45,12,1-within-subject,csp_lda,executed
0.5483870967741935,0.55,31,13,1-within-subject,csp_lda,executed
0.6,0.5988142292490118,45,14,1-within-subject,csp_lda,executed
0.6976744186046512,0.6937229437229437,43,15,1-within-subject,csp_lda,executed
0.5555555555555556,0.5553359683794465,45,16,1-within-subject,csp_lda,executed
0.5555555555555556,0.5474308300395256,45,18,1-within-subject,csp_lda,executed
0.8837209302325582,0.8880434782608695,43,19,1-within-subject,csp_lda,executed
0.5777777777777777,0.5714285714285714,45,20,1-within-subject,csp_lda,executed
0.6111111111111112,0.6111111111111112,36,21,1-within-subject,csp_lda,executed
0.5909090909090909,0.5962732919254659,44,23,1-within-subject,csp_lda,executed
0.7,0.7,40,24,1-within-subject,csp_lda,executed
0.7333333333333333,0.7322134387351779,45,25,1-within-subject,csp_lda,executed
0.5681818181818182,0.572463768115942,44,28,1-within-subject,csp_lda,executed
0.9555555555555556,0.9545454545454546,45,29,1-within-subject,csp_lda,executed
0.6666666666666666,0.6669960474308301,45,30,1-within-subject,csp_lda,executed
0.8,0.8023715415019763,45,31,1-within-subject,csp_lda,executed
0.7777777777777778,0.7727272727272727,45,32,1-within-subject,csp_lda,executed
0.6222222222222222,0.6071428571428572,45,33,1-within-subject,csp_lda,executed
0.6904761904761905,0.6904761904761905,42,34,1-within-subject,csp_lda,executed
0.9555555555555556,0.9553571428571428,45,35,1-within-subject,csp_lda,executed
0.4666666666666667,0.46047430830039526,45,36,1-within-subject,csp_lda,executed
0.5,0.5,42,37,1-within-subject,csp_lda,executed
0.7555555555555555,0.7529644268774703,45,39,1-within-subject,csp_lda,executed
0.37777777777777777,0.37549407114624506,45,40,1-within-subject,csp_lda,executed
0.5476190476190477,0.5476190476190477,42,41,1-within-subject,csp_lda,executed
0.9777777777777777,0.9772727272727273,45,42,1-within-subject,csp_lda,executed
0.5909090909090909,0.6024844720496894,44,43,1-within-subject,csp_lda,executed
0.625,0.6338383838383839,40,44,1-within-subject,csp_lda,executed
0.6888888888888889,0.6887351778656126,45,45,1-within-subject,csp_lda,executed
0.9333333333333333,0.9318181818181819,45,46,1-within-subject,csp_lda,executed
0.6222222222222222,0.6215415019762847,45,47,1-within-subject,csp_lda,executed
0.868421052631579,0.868421052631579,38,48,1-within-subject,csp_lda,executed
0.7954545454545454,0.7954545454545454,44,49,1-within-subject,csp_lda,executed
0.7555555555555555,0.7648809523809523,45,50,1-within-subject,csp_lda,executed
0.5714285714285714,0.5714285714285714,42,51,1-within-subject,csp_lda,executed
0.6888888888888889,0.6877470355731226,45,52,1-within-subject,csp_lda,executed
0.8888888888888888,0.8883399209486166,45,53,1-within-subject,csp_lda,executed
0.9333333333333333,0.9337944664031621,45,54,1-within-subject,csp_lda,executed
0.4444444444444444,0.441699604743083,45,55,1-within-subject,csp_lda,executed
0.5333333333333333,0.5345849802371542,45,58,1-within-subject,csp_lda,executed
0.6136363636363636,0.5973084886128365,44,59,1-within-subject,csp_lda,executed
0.7142857142857143,0.7142857142857142,42,60,1-within-subject,csp_lda,executed
0.6976744186046512,0.7108695652173913,43,61,1-within-subject,csp_lda,executed
0.5777777777777777,0.5800395256916996,45,62,1-within-subject,csp_lda,executed
0.6666666666666666,0.6666666666666667,42,64,1-within-subject,csp_lda,executed
0.6888888888888889,0.6926877470355731,45,65,1-within-subject,csp_lda,executed
0.4888888888888889,0.4871541501976284,45,67,1-within-subject,csp_lda,executed
0.5777777777777777,0.5760869565217391,45,68,1-within-subject,csp_lda,executed
0.6444444444444445,0.642292490118577,45,69,1-within-subject,csp_lda,executed
0.6888888888888889,0.6897233201581028,45,70,1-within-subject,csp_lda,executed
0.7857142857142857,0.7857142857142857,42,72,1-within-subject,csp_lda,executed
0.5476190476190477,0.5476190476190476,42,73,1-within-subject,csp_lda,executed
0.5,0.5,42,74,1-within-subject,csp_lda,executed
0.5116279069767442,0.5119047619047619,43,75,1-within-subject,csp_lda,executed
0.8333333333333334,0.8333333333333333,42,76,1-within-subject,csp_lda,executed
0.5116279069767442,0.5304347826086957,43,77,1-within-subject,csp_lda,executed
0.65,0.6541353383458646,40,79,1-within-subject,csp_lda,executed
0.5111111111111111,0.5069169960474308,45,80,1-within-subject,csp_lda,executed
0.6222222222222222,0.6225296442687747,45,82,1-within-subject,csp_lda,executed
0.4883720930232558,0.47934782608695653,43,84,1-within-subject,csp_lda,executed
0.7555555555555555,0.7529644268774703,45,85,1-within-subject,csp_lda,executed
0.6222222222222222,0.6160714285714286,45,87,1-within-subject,csp_lda,executed
0.6444444444444445,0.6339285714285714,45,90,1-within-subject,csp_lda,executed
0.6666666666666666,0.6620553359683794,45,93,1-within-subject,csp_lda,executed
0.9111111111111111,0.9110671936758893,45,94,1-within-subject,csp_lda,executed
0.4090909090909091,0.40993788819875776,44,95,1-within-subject,csp_lda,executed
0.5853658536585366,0.5869047619047619,41,96,1-within-subject,csp_lda,executed
0.6222222222222222,0.6215415019762847,45,97,1-within-subject,csp_lda,executed
0.5,0.5027777777777778,38,99,1-within-subject,csp_lda,executed
0.5952380952380952,0.5952380952380952,42,102,1-within-subject,csp_lda,executed
0.7555555555555555,0.7529761904761905,45,105,1-within-subject,csp_lda,executed
0.525,0.5200501253132832,40,107,1-within-subject,csp_lda,executed
0.725,0.7205513784461153,40,108,1-within-subject,csp_lda,executed
0.6153846153846154,0.6118421052631579,39,109,1-within-subject,csp_lda,executed
0.6222222222222222,0.6225296442687747,45,1,1-within-subject,ts_logreg,executed
0.6666666666666666,0.6640316205533596,45,2,1-within-subject,ts_logreg,executed
0.6222222222222222,0.6205533596837944,45,3,1-within-subject,ts_logreg,executed
0.5714285714285714,0.5714285714285714,42,4,1-within-subject,ts_logreg,executed
0.6666666666666666,0.6650197628458498,45,5,1-within-subject,ts_logreg,executed
0.8,0.7994071146245059,45,7,1-within-subject,ts_logreg,executed
0.5227272727272727,0.5227272727272727,44,9,1-within-subject,ts_logreg,executed
0.7333333333333333,0.7172619047619048,45,10,1-within-subject,ts_logreg,executed
0.6,0.6027667984189724,45,11,1-within-subject,ts_logreg,executed
0.7777777777777778,0.7708333333333333,45,12,1-within-subject,ts_logreg,executed
0.5806451612903226,0.5791666666666666,31,13,1-within-subject,ts_logreg,executed
0.6666666666666666,0.6669960474308301,45,14,1-within-subject,ts_logreg,executed
0.627906976744186,0.6244588744588744,43,15,1-within-subject,ts_logreg,executed
0.5777777777777777,0.5741106719367589,45,16,1-within-subject,ts_logreg,executed
0.4888888888888889,0.48616600790513836,45,18,1-within-subject,ts_logreg,executed
0.7209302325581395,0.7195652173913043,43,19,1-within-subject,ts_logreg,executed
0.6444444444444445,0.625,45,20,1-within-subject,ts_logreg,executed
0.5555555555555556,0.5555555555555556,36,21,1-within-subject,ts_logreg,executed
0.5454545454545454,0.5465838509316769,44,23,1-within-subject,ts_logreg,executed
0.625,0.625,40,24,1-within-subject,ts_logreg,executed
0.6222222222222222,0.6215415019762847,45,25,1-within-subject,ts_logreg,executed
0.5454545454545454,0.5424430641821947,44,28,1-within-subject,ts_logreg,executed
0.7777777777777778,0.7786561264822134,45,29,1-within-subject,ts_logreg,executed
0.7333333333333333,0.733201581027668,45,30,1-within-subject,ts_logreg,executed
0.7111111111111111,0.7094861660079052,45,31,1-within-subject,ts_logreg,executed
0.8,0.7964426877470356,45,32,1-within-subject,ts_logreg,executed
0.5777777777777777,0.5654761904761905,45,33,1-within-subject,ts_logreg,executed
0.6666666666666666,0.6666666666666667,42,34,1-within-subject,ts_logreg,executed
0.7777777777777778,0.7648809523809523,45,35,1-within-subject,ts_logreg,executed
0.5111111111111111,0.5049407114624506,45,36,1-within-subject,ts_logreg,executed
0.5476190476190477,0.5476190476190477,42,37,1-within-subject,ts_logreg,executed
0.7111111111111111,0.7075098814229248,45,39,1-within-subject,ts_logreg,executed
0.5111111111111111,0.5098814229249011,45,40,1-within-subject,ts_logreg,executed
0.5476190476190477,0.5476190476190477,42,41,1-within-subject,ts_logreg,executed
0.9777777777777777,0.9772727272727273,45,42,1-within-subject,ts_logreg,executed
0.7045454545454546,0.7070393374741201,44,43,1-within-subject,ts_logreg,executed
0.7,0.7070707070707071,40,44,1-within-subject,ts_logreg,executed
0.5333333333333333,0.5326086956521738,45,45,1-within-subject,ts_logreg,executed
0.9555555555555556,0.9545454545454546,45,46,1-within-subject,ts_logreg,executed
0.5777777777777777,0.5741106719367589,45,47,1-within-subject,ts_logreg,executed
0.8947368421052632,0.8947368421052632,38,48,1-within-subject,ts_logreg,executed
0.7954545454545454,0.7954545454545454,44,49,1-within-subject,ts_logreg,executed
0.8222222222222222,0.8273809523809523,45,50,1-within-subject,ts_logreg,executed
0.6190476190476191,0.6190476190476191,42,51,1-within-subject,ts_logreg,executed
0.7555555555555555,0.7529644268774703,45,52,1-within-subject,ts_logreg,executed
0.8444444444444444,0.8438735177865613,45,53,1-within-subject,ts_logreg,executed
0.9555555555555556,0.9555335968379447,45,54,1-within-subject,ts_logreg,executed
0.6888888888888889,0.6897233201581028,45,55,1-within-subject,ts_logreg,executed
0.5555555555555556,0.5543478260869565,45,58,1-within-subject,ts_logreg,executed
0.7045454545454546,0.7028985507246377,44,59,1-within-subject,ts_logreg,executed
0.6904761904761905,0.6904761904761905,42,60,1-within-subject,ts_logreg,executed
0.7906976744186046,0.7880434782608696,43,61,1-within-subject,ts_logreg,executed
0.5333333333333333,0.5355731225296443,45,62,1-within-subject,ts_logreg,executed
0.6904761904761905,0.6904761904761905,42,64,1-within-subject,ts_logreg,executed
0.7333333333333333,0.7341897233201581,45,65,1-within-subject,ts_logreg,executed
0.5111111111111111,0.5059288537549407,45,67,1-within-subject,ts_logreg,executed
0.4888888888888889,0.49209486166007904,45,68,1-within-subject,ts_logreg,executed
0.6,0.6007905138339921,45,69,1-within-subject,ts_logreg,executed
0.7777777777777778,0.7786561264822134,45,70,1-within-subject,ts_logreg,executed
0.6666666666666666,0.6666666666666666,42,72,1-within-subject,ts_logreg,executed
0.5238095238095238,0.5238095238095237,42,73,1-within-subject,ts_logreg,executed
0.6904761904761905,0.6904761904761905,42,74,1-within-subject,ts_logreg,executed
0.5116279069767442,0.5119047619047619,43,75,1-within-subject,ts_logreg,executed
0.8095238095238095,0.8095238095238095,42,76,1-within-subject,ts_logreg,executed
0.7209302325581395,0.7130434782608696,43,77,1-within-subject,ts_logreg,executed
0.675,0.6704260651629073,40,79,1-within-subject,ts_logreg,executed
0.4444444444444444,0.441699604743083,45,80,1-within-subject,ts_logreg,executed
0.7555555555555555,0.7539525691699605,45,82,1-within-subject,ts_logreg,executed
0.46511627906976744,0.48043478260869565,43,84,1-within-subject,ts_logreg,executed
0.7111111111111111,0.7114624505928854,45,85,1-within-subject,ts_logreg,executed
0.6666666666666666,0.6547619047619048,45,87,1-within-subject,ts_logreg,executed
0.6444444444444445,0.6279761904761905,45,90,1-within-subject,ts_logreg,executed
0.7111111111111111,0.708498023715415,45,93,1-within-subject,ts_logreg,executed
0.8444444444444444,0.8458498023715415,45,94,1-within-subject,ts_logreg,executed
0.5681818181818182,0.5683229813664596,44,95,1-within-subject,ts_logreg,executed
0.7804878048780488,0.7773809523809524,41,96,1-within-subject,ts_logreg,executed
0.7333333333333333,0.7312252964426877,45,97,1-within-subject,ts_logreg,executed
0.5263157894736842,0.525,38,99,1-within-subject,ts_logreg,executed
0.6666666666666666,0.6666666666666667,42,102,1-within-subject,ts_logreg,executed
0.8888888888888888,0.8869047619047619,45,105,1-within-subject,ts_logreg,executed
0.575,0.5776942355889725,40,107,1-within-subject,ts_logreg,executed
0.7,0.6992481203007519,40,108,1-within-subject,ts_logreg,executed
0.6153846153846154,0.6105263157894737,39,109,1-within-subject,ts_logreg,executed
0.6444444444444445,0.6521739130434783,45,1,2-loso,ts_logreg,imagery
0.7555555555555555,0.7559288537549407,45,1,2b-loso-recentered,ts_logreg_recentered,imagery
0.8888888888888888,0.8883399209486166,45,2,2-loso,ts_logreg,imagery
0.8666666666666667,0.866600790513834,45,2,2b-loso-recentered,ts_logreg_recentered,imagery
0.5111111111111111,0.5,45,3,2-loso,ts_logreg,imagery
0.5333333333333333,0.5355731225296443,45,3,2b-loso-recentered,ts_logreg_recentered,imagery
0.4888888888888889,0.5,45,4,2-loso,ts_logreg,imagery
0.5777777777777777,0.5780632411067194,45,4,2b-loso-recentered,ts_logreg_recentered,imagery
0.5555555555555556,0.5535714285714286,45,5,2-loso,ts_logreg,imagery
0.4888888888888889,0.4910714285714286,45,5,2b-loso-recentered,ts_logreg_recentered,imagery
0.5333333333333333,0.5227272727272727,45,7,2-loso,ts_logreg,imagery
0.9777777777777777,0.9782608695652174,45,7,2b-loso-recentered,ts_logreg_recentered,imagery
0.5952380952380952,0.5772727272727273,42,9,2-loso,ts_logreg,imagery
0.4523809523809524,0.4545454545454546,42,9,2b-loso-recentered,ts_logreg_recentered,imagery
0.5555555555555556,0.5773809523809523,45,10,2-loso,ts_logreg,imagery
0.7111111111111111,0.7023809523809523,45,10,2b-loso-recentered,ts_logreg_recentered,imagery
0.6,0.599802371541502,45,11,2-loso,ts_logreg,imagery
0.5777777777777777,0.5780632411067194,45,11,2b-loso-recentered,ts_logreg_recentered,imagery
0.4666666666666667,0.4970238095238095,45,12,2-loso,ts_logreg,imagery
0.5777777777777777,0.5863095238095238,45,12,2b-loso-recentered,ts_logreg_recentered,imagery
0.8571428571428571,0.8512820512820514,28,13,2-loso,ts_logreg,imagery
0.7857142857142857,0.7846153846153847,28,13,2b-loso-recentered,ts_logreg_recentered,imagery
0.4888888888888889,0.4990118577075099,45,14,2-loso,ts_logreg,imagery
0.6444444444444445,0.6432806324110671,45,14,2b-loso-recentered,ts_logreg_recentered,imagery
0.6,0.5909090909090909,45,15,2-loso,ts_logreg,imagery
0.7555555555555555,0.7569169960474309,45,15,2b-loso-recentered,ts_logreg_recentered,imagery
0.5333333333333333,0.5237154150197628,45,16,2-loso,ts_logreg,imagery
0.5555555555555556,0.5553359683794465,45,16,2b-loso-recentered,ts_logreg_recentered,imagery
0.5777777777777777,0.575098814229249,45,18,2-loso,ts_logreg,imagery
0.5555555555555556,0.5553359683794465,45,18,2b-loso-recentered,ts_logreg_recentered,imagery
0.7,0.7121212121212122,40,19,2-loso,ts_logreg,imagery
0.7,0.702020202020202,40,19,2b-loso-recentered,ts_logreg_recentered,imagery
0.6,0.5948616600790514,45,20,2-loso,ts_logreg,imagery
0.6666666666666666,0.6660079051383399,45,20,2b-loso-recentered,ts_logreg_recentered,imagery
0.5,0.5222222222222223,38,21,2-loso,ts_logreg,imagery
0.5263157894736842,0.5305555555555556,38,21,2b-loso-recentered,ts_logreg_recentered,imagery
0.7333333333333333,0.733201581027668,45,23,2-loso,ts_logreg,imagery
0.6888888888888889,0.6887351778656126,45,23,2b-loso-recentered,ts_logreg_recentered,imagery
0.631578947368421,0.6106442577030813,38,24,2-loso,ts_logreg,imagery
0.5263157894736842,0.5210084033613445,38,24,2b-loso-recentered,ts_logreg_recentered,imagery
0.4444444444444444,0.43873517786561267,45,25,2-loso,ts_logreg,imagery
0.5555555555555556,0.5563241106719368,45,25,2b-loso-recentered,ts_logreg_recentered,imagery
0.5333333333333333,0.5424901185770751,45,28,2-loso,ts_logreg,imagery
0.4222222222222222,0.42193675889328064,45,28,2b-loso-recentered,ts_logreg_recentered,imagery
0.9333333333333333,0.9337944664031621,45,29,2-loso,ts_logreg,imagery
0.9333333333333333,0.9337944664031621,45,29,2b-loso-recentered,ts_logreg_recentered,imagery
0.5777777777777777,0.5654761904761905,45,30,2-loso,ts_logreg,imagery
0.5777777777777777,0.5773809523809523,45,30,2b-loso-recentered,ts_logreg_recentered,imagery
0.7333333333333333,0.7282608695652174,45,31,2-loso,ts_logreg,imagery
0.8666666666666667,0.866600790513834,45,31,2b-loso-recentered,ts_logreg_recentered,imagery
0.5333333333333333,0.5,45,32,2-loso,ts_logreg,imagery
0.7555555555555555,0.7619047619047619,45,32,2b-loso-recentered,ts_logreg_recentered,imagery
0.7333333333333333,0.7272727272727273,45,33,2-loso,ts_logreg,imagery
0.7333333333333333,0.7351778656126482,45,33,2b-loso-recentered,ts_logreg_recentered,imagery
0.7906976744186046,0.7878787878787878,43,34,2-loso,ts_logreg,imagery
0.813953488372093,0.8160173160173161,43,34,2b-loso-recentered,ts_logreg_recentered,imagery
0.5111111111111111,0.5217391304347826,45,35,2-loso,ts_logreg,imagery
0.7333333333333333,0.733201581027668,45,35,2b-loso-recentered,ts_logreg_recentered,imagery
0.5333333333333333,0.5227272727272727,45,36,2-loso,ts_logreg,imagery
0.6222222222222222,0.6215415019762847,45,36,2b-loso-recentered,ts_logreg_recentered,imagery
0.5116279069767442,0.5,43,37,2-loso,ts_logreg,imagery
0.5581395348837209,0.5573593073593074,43,37,2b-loso-recentered,ts_logreg_recentered,imagery
0.4634146341463415,0.4784688995215311,41,39,2-loso,ts_logreg,imagery
0.5609756097560976,0.5586124401913876,41,39,2b-loso-recentered,ts_logreg_recentered,imagery
0.5333333333333333,0.5178571428571428,45,40,2-loso,ts_logreg,imagery
0.37777777777777777,0.37797619047619047,45,40,2b-loso-recentered,ts_logreg_recentered,imagery
0.7045454545454546,0.7111801242236024,44,41,2-loso,ts_logreg,imagery
0.7045454545454546,0.7028985507246377,44,41,2b-loso-recentered,ts_logreg_recentered,imagery
0.8666666666666667,0.8685770750988142,45,42,2-loso,ts_logreg,imagery
0.8666666666666667,0.8675889328063241,45,42,2b-loso-recentered,ts_logreg_recentered,imagery
0.7333333333333333,0.7381422924901186,45,43,2-loso,ts_logreg,imagery
0.8,0.8003952569169961,45,43,2b-loso-recentered,ts_logreg_recentered,imagery
0.6764705882352942,0.6614035087719299,34,44,2-loso,ts_logreg,imagery
0.6470588235294118,0.6491228070175439,34,44,2b-loso-recentered,ts_logreg_recentered,imagery
0.5777777777777777,0.5869565217391304,45,45,2-loso,ts_logreg,imagery
0.6444444444444445,0.6472332015810276,45,45,2b-loso-recentered,ts_logreg_recentered,imagery
0.5333333333333333,0.5316205533596838,45,46,2-loso,ts_logreg,imagery
0.5111111111111111,0.5108695652173914,45,46,2b-loso-recentered,ts_logreg_recentered,imagery
0.6222222222222222,0.6130952380952381,45,47,2-loso,ts_logreg,imagery
0.6222222222222222,0.6160714285714286,45,47,2b-loso-recentered,ts_logreg_recentered,imagery
0.7058823529411765,0.7083333333333333,34,48,2-loso,ts_logreg,imagery
0.7058823529411765,0.7048611111111112,34,48,2b-loso-recentered,ts_logreg_recentered,imagery
0.5813953488372093,0.5898268398268398,43,49,2-loso,ts_logreg,imagery
0.627906976744186,0.6266233766233766,43,49,2b-loso-recentered,ts_logreg_recentered,imagery
0.6,0.6027667984189724,45,50,2-loso,ts_logreg,imagery
0.5777777777777777,0.5770750988142292,45,50,2b-loso-recentered,ts_logreg_recentered,imagery
0.6222222222222222,0.6071428571428572,45,51,2-loso,ts_logreg,imagery
0.6444444444444445,0.6458333333333333,45,51,2b-loso-recentered,ts_logreg_recentered,imagery
0.6744186046511628,0.6699134199134199,43,52,2-loso,ts_logreg,imagery
0.6744186046511628,0.6742424242424242,43,52,2b-loso-recentered,ts_logreg_recentered,imagery
0.6,0.6007905138339921,45,53,2-loso,ts_logreg,imagery
0.6444444444444445,0.6442687747035574,45,53,2b-loso-recentered,ts_logreg_recentered,imagery
0.5227272727272727,0.541407867494824,44,54,2-loso,ts_logreg,imagery
0.7045454545454546,0.7070393374741201,44,54,2b-loso-recentered,ts_logreg_recentered,imagery
0.8666666666666667,0.866600790513834,45,55,2-loso,ts_logreg,imagery
0.8666666666666667,0.8675889328063241,45,55,2b-loso-recentered,ts_logreg_recentered,imagery
0.5333333333333333,0.5625,45,58,2-loso,ts_logreg,imagery
0.5333333333333333,0.5327380952380952,45,58,2b-loso-recentered,ts_logreg_recentered,imagery
0.5333333333333333,0.5,45,59,2-loso,ts_logreg,imagery
0.4444444444444444,0.44345238095238093,45,59,2b-loso-recentered,ts_logreg_recentered,imagery
0.7727272727272727,0.7727272727272727,44,60,2-loso,ts_logreg,imagery
0.8409090909090909,0.8409090909090909,44,60,2b-loso-recentered,ts_logreg_recentered,imagery
0.75,0.75,40,61,2-loso,ts_logreg,imagery
0.775,0.775,40,61,2b-loso-recentered,ts_logreg_recentered,imagery
0.6222222222222222,0.6146245059288538,45,62,2-loso,ts_logreg,imagery
0.8666666666666667,0.8656126482213439,45,62,2b-loso-recentered,ts_logreg_recentered,imagery
0.4772727272727273,0.48964803312629396,44,64,2-loso,ts_logreg,imagery
0.5454545454545454,0.5424430641821947,44,64,2b-loso-recentered,ts_logreg_recentered,imagery
0.5555555555555556,0.5714285714285714,45,65,2-loso,ts_logreg,imagery
0.6222222222222222,0.6279761904761905,45,65,2b-loso-recentered,ts_logreg_recentered,imagery
0.4888888888888889,0.4980237154150198,45,67,2-loso,ts_logreg,imagery
0.5555555555555556,0.5563241106719368,45,67,2b-loso-recentered,ts_logreg_recentered,imagery
0.6444444444444445,0.6383399209486166,45,68,2-loso,ts_logreg,imagery
0.6444444444444445,0.6452569169960474,45,68,2b-loso-recentered,ts_logreg_recentered,imagery
0.6,0.5922619047619048,45,69,2-loso,ts_logreg,imagery
0.6222222222222222,0.6220238095238095,45,69,2b-loso-recentered,ts_logreg_recentered,imagery
0.7111111111111111,0.7164031620553359,45,70,2-loso,ts_logreg,imagery
0.8,0.8003952569169961,45,70,2b-loso-recentered,ts_logreg_recentered,imagery
0.8604651162790697,0.8614718614718615,43,72,2-loso,ts_logreg,imagery
0.9302325581395349,0.9296536796536796,43,72,2b-loso-recentered,ts_logreg_recentered,imagery
0.8095238095238095,0.8095238095238095,42,73,2-loso,ts_logreg,imagery
0.8095238095238095,0.8095238095238095,42,73,2b-loso-recentered,ts_logreg_recentered,imagery
0.5348837209302325,0.5357142857142857,43,74,2-loso,ts_logreg,imagery
0.6046511627906976,0.6038961038961039,43,74,2b-loso-recentered,ts_logreg_recentered,imagery
0.6666666666666666,0.6568181818181819,42,75,2-loso,ts_logreg,imagery
0.7142857142857143,0.7136363636363636,42,75,2b-loso-recentered,ts_logreg_recentered,imagery
0.5476190476190477,0.5476190476190477,42,76,2-loso,ts_logreg,imagery
0.5238095238095238,0.5238095238095237,42,76,2b-loso-recentered,ts_logreg_recentered,imagery
0.5111111111111111,0.48809523809523814,45,77,2-loso,ts_logreg,imagery
0.5111111111111111,0.5148809523809523,45,77,2b-loso-recentered,ts_logreg_recentered,imagery
0.627906976744186,0.6201298701298701,43,79,2-loso,ts_logreg,imagery
0.6046511627906976,0.604978354978355,43,79,2b-loso-recentered,ts_logreg_recentered,imagery
0.5333333333333333,0.5345849802371542,45,80,2-loso,ts_logreg,imagery
0.5555555555555556,0.5553359683794465,45,80,2b-loso-recentered,ts_logreg_recentered,imagery
0.5111111111111111,0.5217391304347826,45,82,2-loso,ts_logreg,imagery
0.7555555555555555,0.7529644268774703,45,82,2b-loso-recentered,ts_logreg_recentered,imagery
0.5555555555555556,0.558300395256917,45,84,2-loso,ts_logreg,imagery
0.6,0.6007905138339921,45,84,2b-loso-recentered,ts_logreg_recentered,imagery
0.8222222222222222,0.8241106719367588,45,85,2-loso,ts_logreg,imagery
0.8222222222222222,0.8211462450592886,45,85,2b-loso-recentered,ts_logreg_recentered,imagery
0.5681818181818182,0.5681818181818181,44,87,2-loso,ts_logreg,imagery
0.5909090909090909,0.5909090909090908,44,87,2b-loso-recentered,ts_logreg_recentered,imagery
0.6,0.6057312252964426,45,90,2-loso,ts_logreg,imagery
0.5333333333333333,0.5345849802371542,45,90,2b-loso-recentered,ts_logreg_recentered,imagery
0.8,0.8003952569169961,45,93,2-loso,ts_logreg,imagery
0.8444444444444444,0.8438735177865613,45,93,2b-loso-recentered,ts_logreg_recentered,imagery
0.8,0.7954545454545454,45,94,2-loso,ts_logreg,imagery
0.8444444444444444,0.8458498023715415,45,94,2b-loso-recentered,ts_logreg_recentered,imagery
0.5348837209302325,0.525974025974026,43,95,2-loso,ts_logreg,imagery
0.4883720930232558,0.4880952380952381,43,95,2b-loso-recentered,ts_logreg_recentered,imagery
0.5348837209302325,0.5335497835497836,43,96,2-loso,ts_logreg,imagery
0.5813953488372093,0.5800865800865801,43,96,2b-loso-recentered,ts_logreg_recentered,imagery
0.75,0.75,44,97,2-loso,ts_logreg,imagery
0.6590909090909091,0.6590909090909092,44,97,2b-loso-recentered,ts_logreg_recentered,imagery
0.6,0.606907894736842,35,99,2-loso,ts_logreg,imagery
0.45714285714285713,0.45559210526315785,35,99,2b-loso-recentered,ts_logreg_recentered,imagery
0.6190476190476191,0.6190476190476191,42,102,2-loso,ts_logreg,imagery
0.7380952380952381,0.7380952380952381,42,102,2b-loso-recentered,ts_logreg_recentered,imagery
0.5777777777777777,0.5711462450592886,45,105,2-loso,ts_logreg,imagery
0.5777777777777777,0.5780632411067194,45,105,2b-loso-recentered,ts_logreg_recentered,imagery
0.6222222222222222,0.6011904761904762,45,107,2-loso,ts_logreg,imagery
0.6,0.5982142857142857,45,107,2b-loso-recentered,ts_logreg_recentered,imagery
0.7560975609756098,0.7535714285714286,41,108,2-loso,ts_logreg,imagery
0.7560975609756098,0.7547619047619047,41,108,2b-loso-recentered,ts_logreg_recentered,imagery
0.4888888888888889,0.5,45,109,2-loso,ts_logreg,imagery
0.5333333333333333,0.5326086956521738,45,109,2b-loso-recentered,ts_logreg_recentered,imagery
0.6444444444444445,0.6511857707509882,45,1,2-loso,csp_lda,imagery
0.7111111111111111,0.7045454545454546,45,2,2-loso,csp_lda,imagery
0.4444444444444444,0.441699604743083,45,3,2-loso,csp_lda,imagery
0.4888888888888889,0.5,45,4,2-loso,csp_lda,imagery
0.4666666666666667,0.48214285714285715,45,5,2-loso,csp_lda,imagery
0.9333333333333333,0.9347826086956521,45,7,2-loso,csp_lda,imagery
0.5476190476190477,0.5318181818181819,42,9,2-loso,csp_lda,imagery
0.6222222222222222,0.6369047619047619,45,10,2-loso,csp_lda,imagery
0.4666666666666667,0.4772727272727273,45,11,2-loso,csp_lda,imagery
0.6,0.5952380952380952,45,12,2-loso,csp_lda,imagery
0.6071428571428571,0.6333333333333333,28,13,2-loso,csp_lda,imagery
0.5111111111111111,0.5009881422924901,45,14,2-loso,csp_lda,imagery
0.6222222222222222,0.6304347826086957,45,15,2-loso,csp_lda,imagery
0.5555555555555556,0.5474308300395256,45,16,2-loso,csp_lda,imagery
0.5333333333333333,0.5227272727272727,45,18,2-loso,csp_lda,imagery
0.65,0.6414141414141414,40,19,2-loso,csp_lda,imagery
0.5777777777777777,0.5760869565217391,45,20,2-loso,csp_lda,imagery
0.5263157894736842,0.5388888888888889,38,21,2-loso,csp_lda,imagery
0.6666666666666666,0.6590909090909091,45,23,2-loso,csp_lda,imagery
0.4473684210526316,0.4775910364145658,38,24,2-loso,csp_lda,imagery
0.6444444444444445,0.6432806324110671,45,25,2-loso,csp_lda,imagery
0.5333333333333333,0.5385375494071146,45,28,2-loso,csp_lda,imagery
1.0,1.0,45,29,2-loso,csp_lda,imagery
0.6,0.5714285714285714,45,30,2-loso,csp_lda,imagery
0.9111111111111111,0.9120553359683794,45,31,2-loso,csp_lda,imagery
0.7333333333333333,0.7142857142857143,45,32,2-loso,csp_lda,imagery
0.7777777777777778,0.7727272727272727,45,33,2-loso,csp_lda,imagery
0.8837209302325582,0.8809523809523809,43,34,2-loso,csp_lda,imagery
0.5777777777777777,0.5869565217391304,45,35,2-loso,csp_lda,imagery
0.4222222222222222,0.42292490118577075,45,36,2-loso,csp_lda,imagery
0.5116279069767442,0.5,43,37,2-loso,csp_lda,imagery
0.4878048780487805,0.4688995215311005,41,39,2-loso,csp_lda,imagery
0.5777777777777777,0.5654761904761905,45,40,2-loso,csp_lda,imagery
0.6136363636363636,0.5973084886128365,44,41,2-loso,csp_lda,imagery
0.9333333333333333,0.9337944664031621,45,42,2-loso,csp_lda,imagery
0.7333333333333333,0.7292490118577075,45,43,2-loso,csp_lda,imagery
0.7352941176470589,0.7350877192982456,34,44,2-loso,csp_lda,imagery
0.5777777777777777,0.5681818181818181,45,45,2-loso,csp_lda,imagery
0.5777777777777777,0.5869565217391304,45,46,2-loso,csp_lda,imagery
0.4888888888888889,0.4910714285714286,45,47,2-loso,csp_lda,imagery
0.7941176470588235,0.7916666666666667,34,48,2-loso,csp_lda,imagery
0.813953488372093,0.8149350649350648,43,49,2-loso,csp_lda,imagery
0.5111111111111111,0.5,45,50,2-loso,csp_lda,imagery
0.5333333333333333,0.5029761904761905,45,51,2-loso,csp_lda,imagery
0.7906976744186046,0.7867965367965368,43,52,2-loso,csp_lda,imagery
0.5555555555555556,0.5602766798418972,45,53,2-loso,csp_lda,imagery
0.6363636363636364,0.650103519668737,44,54,2-loso,csp_lda,imagery
0.8666666666666667,0.8685770750988142,45,55,2-loso,csp_lda,imagery
0.5333333333333333,0.5297619047619048,45,58,2-loso,csp_lda,imagery
0.5333333333333333,0.5,45,59,2-loso,csp_lda,imagery
0.8181818181818182,0.8181818181818181,44,60,2-loso,csp_lda,imagery
0.8,0.8,40,61,2-loso,csp_lda,imagery
0.9777777777777777,0.9782608695652174,45,62,2-loso,csp_lda,imagery
0.5909090909090909,0.598343685300207,44,64,2-loso,csp_lda,imagery
0.5777777777777777,0.6041666666666666,45,65,2-loso,csp_lda,imagery
0.4444444444444444,0.4535573122529644,45,67,2-loso,csp_lda,imagery
0.5333333333333333,0.5434782608695652,45,68,2-loso,csp_lda,imagery
0.6222222222222222,0.6339285714285714,45,69,2-loso,csp_lda,imagery
0.7555555555555555,0.7588932806324111,45,70,2-loso,csp_lda,imagery
0.8837209302325582,0.8863636363636364,43,72,2-loso,csp_lda,imagery
0.6190476190476191,0.6190476190476191,42,73,2-loso,csp_lda,imagery
0.5348837209302325,0.54004329004329,43,74,2-loso,csp_lda,imagery
0.6904761904761905,0.675,42,75,2-loso,csp_lda,imagery
0.5476190476190477,0.5476190476190476,42,76,2-loso,csp_lda,imagery
0.4888888888888889,0.47619047619047616,45,77,2-loso,csp_lda,imagery
0.5581395348837209,0.5487012987012987,43,79,2-loso,csp_lda,imagery
0.5333333333333333,0.5227272727272727,45,80,2-loso,csp_lda,imagery
0.4888888888888889,0.5,45,82,2-loso,csp_lda,imagery
0.5333333333333333,0.5405138339920948,45,84,2-loso,csp_lda,imagery
0.6222222222222222,0.6304347826086957,45,85,2-loso,csp_lda,imagery
0.45454545454545453,0.45454545454545453,44,87,2-loso,csp_lda,imagery
0.5555555555555556,0.5533596837944664,45,90,2-loso,csp_lda,imagery
0.8222222222222222,0.8231225296442688,45,93,2-loso,csp_lda,imagery
0.7111111111111111,0.7045454545454546,45,94,2-loso,csp_lda,imagery
0.5813953488372093,0.5735930735930735,43,95,2-loso,csp_lda,imagery
0.4883720930232558,0.47943722943722944,43,96,2-loso,csp_lda,imagery
0.5,0.5,44,97,2-loso,csp_lda,imagery
0.5142857142857142,0.537828947368421,35,99,2-loso,csp_lda,imagery
0.7857142857142857,0.7857142857142857,42,102,2-loso,csp_lda,imagery
0.4888888888888889,0.47924901185770746,45,105,2-loso,csp_lda,imagery
0.5333333333333333,0.5267857142857143,45,107,2-loso,csp_lda,imagery
0.7804878048780488,0.7785714285714285,41,108,2-loso,csp_lda,imagery
0.5777777777777777,0.5681818181818181,45,109,2-loso,csp_lda,imagery
0.6222222222222222,0.616600790513834,45,1,2-loso,laterality,imagery
0.6666666666666666,0.6650197628458498,45,2,2-loso,laterality,imagery
0.5111111111111111,0.5128458498023716,45,3,2-loso,laterality,imagery
0.6222222222222222,0.6284584980237153,45,4,2-loso,laterality,imagery
0.5333333333333333,0.5297619047619048,45,5,2-loso,laterality,imagery
0.7777777777777778,0.7766798418972332,45,7,2-loso,laterality,imagery
0.47619047619047616,0.4954545454545455,42,9,2-loso,laterality,imagery
0.6666666666666666,0.6696428571428572,45,10,2-loso,laterality,imagery
0.6444444444444445,0.6462450592885376,45,11,2-loso,laterality,imagery
0.6666666666666666,0.6666666666666666,45,12,2-loso,laterality,imagery
0.6071428571428571,0.5769230769230769,28,13,2-loso,laterality,imagery
0.5555555555555556,0.5573122529644269,45,14,2-loso,laterality,imagery
0.5555555555555556,0.5503952569169961,45,15,2-loso,laterality,imagery
0.4888888888888889,0.48616600790513836,45,16,2-loso,laterality,imagery
0.4666666666666667,0.45948616600790515,45,18,2-loso,laterality,imagery
0.5,0.48989898989898994,40,19,2-loso,laterality,imagery
0.5333333333333333,0.5266798418972332,45,20,2-loso,laterality,imagery
0.6052631578947368,0.5944444444444444,38,21,2-loso,laterality,imagery
0.4888888888888889,0.4851778656126482,45,23,2-loso,laterality,imagery
0.5526315789473685,0.561624649859944,38,24,2-loso,laterality,imagery
0.5333333333333333,0.525691699604743,45,25,2-loso,laterality,imagery
0.4666666666666667,0.47035573122529645,45,28,2-loso,laterality,imagery
0.8444444444444444,0.8458498023715415,45,29,2-loso,laterality,imagery
0.6,0.5922619047619048,45,30,2-loso,laterality,imagery
0.6666666666666666,0.6669960474308301,45,31,2-loso,laterality,imagery
0.5333333333333333,0.5,45,32,2-loso,laterality,imagery
0.7555555555555555,0.7519762845849802,45,33,2-loso,laterality,imagery
0.813953488372093,0.8138528138528138,43,34,2-loso,laterality,imagery
0.6888888888888889,0.682806324110672,45,35,2-loso,laterality,imagery
0.5333333333333333,0.5266798418972332,45,36,2-loso,laterality,imagery
0.5348837209302325,0.5238095238095238,43,37,2-loso,laterality,imagery
0.43902439024390244,0.4665071770334928,41,39,2-loso,laterality,imagery
0.5555555555555556,0.5386904761904762,45,40,2-loso,laterality,imagery
0.5909090909090909,0.5817805383022774,44,41,2-loso,laterality,imagery
0.8444444444444444,0.8468379446640316,45,42,2-loso,laterality,imagery
0.6666666666666666,0.6660079051383399,45,43,2-loso,laterality,imagery
0.6470588235294118,0.6210526315789473,34,44,2-loso,laterality,imagery
0.5111111111111111,0.5009881422924901,45,45,2-loso,laterality,imagery
0.5111111111111111,0.5207509881422925,45,46,2-loso,laterality,imagery
0.5555555555555556,0.5238095238095238,45,47,2-loso,laterality,imagery
0.7352941176470589,0.7326388888888888,34,48,2-loso,laterality,imagery
0.5348837209302325,0.527056277056277,43,49,2-loso,laterality,imagery
0.5777777777777777,0.5760869565217391,45,50,2-loso,laterality,imagery
0.4888888888888889,0.46130952380952384,45,51,2-loso,laterality,imagery
0.6511627906976745,0.6439393939393939,43,52,2-loso,laterality,imagery
0.5333333333333333,0.5434782608695652,45,53,2-loso,laterality,imagery
0.7045454545454546,0.7132505175983437,44,54,2-loso,laterality,imagery
0.6444444444444445,0.6492094861660079,45,55,2-loso,laterality,imagery
0.6,0.6101190476190476,45,58,2-loso,laterality,imagery
0.5555555555555556,0.5238095238095238,45,59,2-loso,laterality,imagery
0.8636363636363636,0.8636363636363636,44,60,2-loso,laterality,imagery
0.525,0.525,40,61,2-loso,laterality,imagery
0.6888888888888889,0.6926877470355731,45,62,2-loso,laterality,imagery
0.6136363636363636,0.6055900621118012,44,64,2-loso,laterality,imagery
0.5777777777777777,0.5714285714285714,45,65,2-loso,laterality,imagery
0.4666666666666667,0.4723320158102767,45,67,2-loso,laterality,imagery
0.4666666666666667,0.4772727272727273,45,68,2-loso,laterality,imagery
0.6444444444444445,0.6398809523809523,45,69,2-loso,laterality,imagery
0.4666666666666667,0.4762845849802371,45,70,2-loso,laterality,imagery
0.9302325581395349,0.9307359307359306,43,72,2-loso,laterality,imagery
0.6190476190476191,0.6190476190476191,42,73,2-loso,laterality,imagery
0.5813953488372093,0.5822510822510822,43,74,2-loso,laterality,imagery
0.5714285714285714,0.5613636363636363,42,75,2-loso,laterality,imagery
0.5952380952380952,0.5952380952380952,42,76,2-loso,laterality,imagery
0.35555555555555557,0.35119047619047616,45,77,2-loso,laterality,imagery
0.5116279069767442,0.5075757575757576,43,79,2-loso,laterality,imagery
0.5555555555555556,0.5454545454545454,45,80,2-loso,laterality,imagery
0.6,0.6086956521739131,45,82,2-loso,laterality,imagery
0.6888888888888889,0.6907114624505929,45,84,2-loso,laterality,imagery
0.6222222222222222,0.6304347826086957,45,85,2-loso,laterality,imagery
0.5227272727272727,0.5227272727272727,44,87,2-loso,laterality,imagery
0.5333333333333333,0.5365612648221344,45,90,2-loso,laterality,imagery
0.7333333333333333,0.733201581027668,45,93,2-loso,laterality,imagery
0.5555555555555556,0.5454545454545454,45,94,2-loso,laterality,imagery
0.5116279069767442,0.5010822510822511,43,95,2-loso,laterality,imagery
0.4883720930232558,0.4783549783549783,43,96,2-loso,laterality,imagery
0.6363636363636364,0.6363636363636364,44,97,2-loso,laterality,imagery
0.45714285714285713,0.5,35,99,2-loso,laterality,imagery
0.42857142857142855,0.42857142857142855,42,102,2-loso,laterality,imagery
0.4666666666666667,0.46640316205533594,45,105,2-loso,laterality,imagery
0.5555555555555556,0.5238095238095238,45,107,2-loso,laterality,imagery
0.7560975609756098,0.7583333333333333,41,108,2-loso,laterality,imagery
0.4888888888888889,0.4940711462450593,45,109,2-loso,laterality,imagery
