acc,bal_acc,n,subject,perm,rung
0.5111111111111111,0.5108695652173914,45,50,0,5-permutation-null
0.6,0.5968379446640316,45,50,1,5-permutation-null
0.35555555555555557,0.3577075098814229,45,50,2,5-permutation-null
0.4,0.40217391304347827,45,50,3,5-permutation-null
0.4888888888888889,0.49011857707509876,45,50,4,5-permutation-null
0.4222222222222222,0.4199604743083004,45,50,5,5-permutation-null
0.4,0.3982213438735178,45,50,6,5-permutation-null
0.28888888888888886,0.2885375494071146,45,50,7,5-permutation-null
0.4888888888888889,0.48616600790513836,45,50,8,5-permutation-null
0.37777777777777777,0.3735177865612648,45,50,9,5-permutation-null
0.4222222222222222,0.41897233201581024,45,50,10,5-permutation-null
0.4222222222222222,0.4258893280632411,45,50,11,5-permutation-null
0.4444444444444444,0.44565217391304346,45,50,12,5-permutation-null
0.5555555555555556,0.5523715415019763,45,50,13,5-permutation-null
0.4444444444444444,0.44466403162055335,45,50,14,5-permutation-null
0.5555555555555556,0.5563241106719368,45,50,15,5-permutation-null
0.28888888888888886,0.2924901185770751,45,50,16,5-permutation-null
0.4222222222222222,0.4209486166007905,45,50,17,5-permutation-null
0.6,0.5978260869565217,45,50,18,5-permutation-null
0.4666666666666667,0.45948616600790515,45,50,19,5-permutation-null
0.6,0.5948616600790514,45,50,20,5-permutation-null
0.4444444444444444,0.44664031620553357,45,50,21,5-permutation-null
0.4222222222222222,0.42193675889328064,45,50,22,5-permutation-null
0.5333333333333333,0.5335968379446641,45,50,23,5-permutation-null
0.4444444444444444,0.4407114624505929,45,50,24,5-permutation-null
0.4222222222222222,0.4199604743083004,45,50,25,5-permutation-null
0.5111111111111111,0.5098814229249011,45,50,26,5-permutation-null
0.4222222222222222,0.4209486166007905,45,50,27,5-permutation-null
0.37777777777777777,0.38142292490118573,45,50,28,5-permutation-null
0.4,0.39723320158102765,45,50,29,5-permutation-null
0.4888888888888889,0.48616600790513836,45,50,30,5-permutation-null
0.4666666666666667,0.46640316205533594,45,50,31,5-permutation-null
0.4888888888888889,0.49011857707509876,45,50,32,5-permutation-null
0.4888888888888889,0.4851778656126482,45,50,33,5-permutation-null
0.4444444444444444,0.4496047430830039,45,50,34,5-permutation-null
0.37777777777777777,0.3735177865612648,45,50,35,5-permutation-null
0.4222222222222222,0.424901185770751,45,50,36,5-permutation-null
0.5333333333333333,0.5296442687747036,45,50,37,5-permutation-null
0.4666666666666667,0.46837944664031617,45,50,38,5-permutation-null
0.37777777777777777,0.38142292490118573,45,50,39,5-permutation-null
0.35555555555555557,0.35276679841897235,45,50,40,5-permutation-null
0.4,0.39624505928853754,45,50,41,5-permutation-null
0.4,0.39624505928853754,45,50,42,5-permutation-null
0.4222222222222222,0.4150197628458498,45,50,43,5-permutation-null
0.4,0.3952569169960475,45,50,44,5-permutation-null
0.6,0.6007905138339921,45,50,45,5-permutation-null
0.4666666666666667,0.4654150197628458,45,50,46,5-permutation-null
0.4,0.4041501976284585,45,50,47,5-permutation-null
0.4222222222222222,0.424901185770751,45,50,48,5-permutation-null
0.5333333333333333,0.5345849802371542,45,50,49,5-permutation-null
0.4444444444444444,0.44664031620553357,45,50,50,5-permutation-null
0.4222222222222222,0.4199604743083004,45,50,51,5-permutation-null
0.4,0.4051383399209486,45,50,52,5-permutation-null
0.4222222222222222,0.42391304347826086,45,50,53,5-permutation-null
0.5555555555555556,0.5533596837944664,45,50,54,5-permutation-null
0.37777777777777777,0.3735177865612648,45,50,55,5-permutation-null
0.4444444444444444,0.44664031620553357,45,50,56,5-permutation-null
0.5111111111111111,0.5088932806324111,45,50,57,5-permutation-null
0.5333333333333333,0.5296442687747036,45,50,58,5-permutation-null
0.37777777777777777,0.38142292490118573,45,50,59,5-permutation-null
0.4,0.4041501976284585,45,50,60,5-permutation-null
0.6444444444444445,0.6452569169960474,45,50,61,5-permutation-null
0.5111111111111111,0.5069169960474308,45,50,62,5-permutation-null
0.37777777777777777,0.3735177865612648,45,50,63,5-permutation-null
0.4666666666666667,0.46739130434782605,45,50,64,5-permutation-null
0.4888888888888889,0.4891304347826087,45,50,65,5-permutation-null
0.6,0.599802371541502,45,50,66,5-permutation-null
0.5111111111111111,0.5079051383399209,45,50,67,5-permutation-null
0.28888888888888886,0.2924901185770751,45,50,68,5-permutation-null
0.37777777777777777,0.37944664031620556,45,50,69,5-permutation-null
0.4666666666666667,0.4624505928853755,45,50,70,5-permutation-null
0.37777777777777777,0.38142292490118573,45,50,71,5-permutation-null
0.4444444444444444,0.44466403162055335,45,50,72,5-permutation-null
0.4666666666666667,0.46640316205533594,45,50,73,5-permutation-null
0.5333333333333333,0.5316205533596838,45,50,74,5-permutation-null
0.4444444444444444,0.4486166007905138,45,50,75,5-permutation-null
0.5111111111111111,0.5148221343873518,45,50,76,5-permutation-null
0.4222222222222222,0.4199604743083004,45,50,77,5-permutation-null
0.35555555555555557,0.3517786561264822,45,50,78,5-permutation-null
0.37777777777777777,0.37549407114624506,45,50,79,5-permutation-null
0.3333333333333333,0.3310276679841897,45,50,80,5-permutation-null
0.37777777777777777,0.3715415019762846,45,50,81,5-permutation-null
0.35555555555555557,0.3577075098814229,45,50,82,5-permutation-null
0.37777777777777777,0.3824110671936759,45,50,83,5-permutation-null
0.5555555555555556,0.5573122529644269,45,50,84,5-permutation-null
0.4222222222222222,0.42391304347826086,45,50,85,5-permutation-null
0.4222222222222222,0.42391304347826086,45,50,86,5-permutation-null
0.6222222222222222,0.6185770750988142,45,50,87,5-permutation-null
0.4666666666666667,0.46936758893280633,45,50,88,5-permutation-null
0.28888888888888886,0.2924901185770751,45,50,89,5-permutation-null
0.4444444444444444,0.441699604743083,45,50,90,5-permutation-null
0.4,0.4031620553359684,45,50,91,5-permutation-null
0.4,0.39624505928853754,45,50,92,5-permutation-null
0.4444444444444444,0.441699604743083,45,50,93,5-permutation-null
0.4888888888888889,0.48122529644268774,45,50,94,5-permutation-null
0.37777777777777777,0.38142292490118573,45,50,95,5-permutation-null
0.4444444444444444,0.44466403162055335,45,50,96,5-permutation-null
0.4444444444444444,0.44565217391304346,45,50,97,5-permutation-null
0.4222222222222222,0.41897233201581024,45,50,98,5-permutation-null
0.5111111111111111,0.5098814229249011,45,50,99,5-permutation-null
0.4888888888888889,0.4891304347826087,45,7,0,5-permutation-null
0.5111111111111111,0.5108695652173914,45,7,1,5-permutation-null
0.4222222222222222,0.42391304347826086,45,7,2,5-permutation-null
0.4444444444444444,0.4426877470355731,45,7,3,5-permutation-null
0.3111111111111111,0.31422924901185767,45,7,4,5-permutation-null
0.4666666666666667,0.47035573122529645,45,7,5,5-permutation-null
0.3111111111111111,0.3073122529644269,45,7,6,5-permutation-null
0.37777777777777777,0.37450592885375494,45,7,7,5-permutation-null
0.4444444444444444,0.4407114624505929,45,7,8,5-permutation-null
0.5777777777777777,0.5780632411067194,45,7,9,5-permutation-null
0.3333333333333333,0.3300395256916996,45,7,10,5-permutation-null
0.5555555555555556,0.5543478260869565,45,7,11,5-permutation-null
0.6444444444444445,0.6393280632411067,45,7,12,5-permutation-null
0.4,0.3982213438735178,45,7,13,5-permutation-null
0.4222222222222222,0.42193675889328064,45,7,14,5-permutation-null
0.4666666666666667,0.4644268774703557,45,7,15,5-permutation-null
0.5333333333333333,0.5316205533596838,45,7,16,5-permutation-null
0.4,0.3952569169960475,45,7,17,5-permutation-null
0.5111111111111111,0.5118577075098814,45,7,18,5-permutation-null
0.5555555555555556,0.5523715415019763,45,7,19,5-permutation-null
0.4444444444444444,0.441699604743083,45,7,20,5-permutation-null
0.5555555555555556,0.558300395256917,45,7,21,5-permutation-null
0.6222222222222222,0.6225296442687747,45,7,22,5-permutation-null
0.5777777777777777,0.5731225296442688,45,7,23,5-permutation-null
0.5333333333333333,0.5306324110671937,45,7,24,5-permutation-null
0.4666666666666667,0.4654150197628458,45,7,25,5-permutation-null
0.4222222222222222,0.42391304347826086,45,7,26,5-permutation-null
0.4666666666666667,0.4634387351778656,45,7,27,5-permutation-null
0.4666666666666667,0.4644268774703557,45,7,28,5-permutation-null
0.5555555555555556,0.5592885375494071,45,7,29,5-permutation-null
0.4,0.3982213438735178,45,7,30,5-permutation-null
0.4888888888888889,0.4841897233201581,45,7,31,5-permutation-null
0.4,0.40019762845849804,45,7,32,5-permutation-null
0.5777777777777777,0.575098814229249,45,7,33,5-permutation-null
0.4888888888888889,0.48616600790513836,45,7,34,5-permutation-null
0.37777777777777777,0.38142292490118573,45,7,35,5-permutation-null
0.37777777777777777,0.37549407114624506,45,7,36,5-permutation-null
0.6222222222222222,0.6245059288537549,45,7,37,5-permutation-null
0.4888888888888889,0.48814229249011853,45,7,38,5-permutation-null
0.5111111111111111,0.5118577075098814,45,7,39,5-permutation-null
0.4888888888888889,0.48122529644268774,45,7,40,5-permutation-null
0.4666666666666667,0.4654150197628458,45,7,41,5-permutation-null
0.4888888888888889,0.4891304347826087,45,7,42,5-permutation-null
0.6444444444444445,0.6462450592885376,45,7,43,5-permutation-null
0.4222222222222222,0.424901185770751,45,7,44,5-permutation-null
0.5777777777777777,0.5790513833992095,45,7,45,5-permutation-null
0.5333333333333333,0.5326086956521738,45,7,46,5-permutation-null
0.4444444444444444,0.4426877470355731,45,7,47,5-permutation-null
0.6222222222222222,0.6235177865612648,45,7,48,5-permutation-null
0.4444444444444444,0.44367588932806323,45,7,49,5-permutation-null
0.5777777777777777,0.5770750988142292,45,7,50,5-permutation-null
0.5111111111111111,0.5079051383399209,45,7,51,5-permutation-null
0.5777777777777777,0.5731225296442688,45,7,52,5-permutation-null
0.35555555555555557,0.3577075098814229,45,7,53,5-permutation-null
0.5555555555555556,0.5533596837944664,45,7,54,5-permutation-null
0.4666666666666667,0.4654150197628458,45,7,55,5-permutation-null
0.6,0.5988142292490118,45,7,56,5-permutation-null
0.4,0.39920948616600793,45,7,57,5-permutation-null
0.4,0.39723320158102765,45,7,58,5-permutation-null
0.6444444444444445,0.6462450592885376,45,7,59,5-permutation-null
0.37777777777777777,0.3804347826086957,45,7,60,5-permutation-null
0.4444444444444444,0.4426877470355731,45,7,61,5-permutation-null
0.4,0.40118577075098816,45,7,62,5-permutation-null
0.5555555555555556,0.5573122529644269,45,7,63,5-permutation-null
0.3333333333333333,0.3310276679841897,45,7,64,5-permutation-null
0.4222222222222222,0.4199604743083004,45,7,65,5-permutation-null
0.3333333333333333,0.33695652173913043,45,7,66,5-permutation-null
0.4444444444444444,0.44466403162055335,45,7,67,5-permutation-null
0.4,0.3982213438735178,45,7,68,5-permutation-null
0.5555555555555556,0.5543478260869565,45,7,69,5-permutation-null
0.5111111111111111,0.5079051383399209,45,7,70,5-permutation-null
0.4888888888888889,0.4841897233201581,45,7,71,5-permutation-null
0.4888888888888889,0.4891304347826087,45,7,72,5-permutation-null
0.3333333333333333,0.3300395256916996,45,7,73,5-permutation-null
0.5333333333333333,0.5335968379446641,45,7,74,5-permutation-null
0.37777777777777777,0.3725296442687747,45,7,75,5-permutation-null
0.5111111111111111,0.5108695652173914,45,7,76,5-permutation-null
0.6,0.5988142292490118,45,7,77,5-permutation-null
0.3333333333333333,0.3359683794466403,45,7,78,5-permutation-null
0.5111111111111111,0.5088932806324111,45,7,79,5-permutation-null
0.5555555555555556,0.5553359683794465,45,7,80,5-permutation-null
0.35555555555555557,0.3547430830039526,45,7,81,5-permutation-null
0.4444444444444444,0.44664031620553357,45,7,82,5-permutation-null
0.5555555555555556,0.5543478260869565,45,7,83,5-permutation-null
0.4888888888888889,0.48814229249011853,45,7,84,5-permutation-null
0.35555555555555557,0.3537549407114624,45,7,85,5-permutation-null
0.4444444444444444,0.44762845849802374,45,7,86,5-permutation-null
0.4444444444444444,0.4426877470355731,45,7,87,5-permutation-null
0.4666666666666667,0.4654150197628458,45,7,88,5-permutation-null
0.4444444444444444,0.4407114624505929,45,7,89,5-permutation-null
0.5555555555555556,0.5513833992094861,45,7,90,5-permutation-null
0.5777777777777777,0.5790513833992095,45,7,91,5-permutation-null
0.5555555555555556,0.5503952569169961,45,7,92,5-permutation-null
0.4222222222222222,0.4199604743083004,45,7,93,5-permutation-null
0.4666666666666667,0.46640316205533594,45,7,94,5-permutation-null
0.5777777777777777,0.5731225296442688,45,7,95,5-permutation-null
0.4444444444444444,0.44367588932806323,45,7,96,5-permutation-null
0.4666666666666667,0.46640316205533594,45,7,97,5-permutation-null
0.5111111111111111,0.5118577075098814,45,7,98,5-permutation-null
0.5555555555555556,0.5543478260869565,45,7,99,5-permutation-null
0.4117647058823529,0.3894736842105263,34,44,0,5-permutation-null
0.5294117647058824,0.5017543859649123,34,44,1,5-permutation-null
0.5588235294117647,0.5701754385964912,34,44,2,5-permutation-null
0.47058823529411764,0.42105263157894735,34,44,3,5-permutation-null
0.5588235294117647,0.5771929824561404,34,44,4,5-permutation-null
0.2647058823529412,0.27192982456140347,34,44,5,5-permutation-null
0.5882352941176471,0.5614035087719298,34,44,6,5-permutation-null
0.6764705882352942,0.6614035087719299,34,44,7,5-permutation-null
0.4411764705882353,0.4087719298245614,34,44,8,5-permutation-null
0.6176470588235294,0.6017543859649123,34,44,9,5-permutation-null
0.4117647058823529,0.4245614035087719,34,44,10,5-permutation-null
0.5294117647058824,0.5228070175438597,34,44,11,5-permutation-null
0.38235294117647056,0.356140350877193,34,44,12,5-permutation-null
0.4411764705882353,0.40175438596491225,34,44,13,5-permutation-null
0.5588235294117647,0.5210526315789473,34,44,14,5-permutation-null
0.38235294117647056,0.4052631578947368,34,44,15,5-permutation-null
0.35294117647058826,0.32280701754385965,34,44,16,5-permutation-null
0.35294117647058826,0.343859649122807,34,44,17,5-permutation-null
0.4411764705882353,0.42280701754385963,34,44,18,5-permutation-null
0.5,0.48245614035087714,34,44,19,5-permutation-null
0.7647058823529411,0.7614035087719297,34,44,20,5-permutation-null
0.4117647058823529,0.39649122807017545,34,44,21,5-permutation-null
0.3235294117647059,0.3175438596491228,34,44,22,5-permutation-null
0.7058823529411765,0.7017543859649122,34,44,23,5-permutation-null
0.38235294117647056,0.3631578947368421,34,44,24,5-permutation-null
0.35294117647058826,0.3719298245614035,34,44,25,5-permutation-null
0.5588235294117647,0.5210526315789473,34,44,26,5-permutation-null
0.5882352941176471,0.5473684210526316,34,44,27,5-permutation-null
0.35294117647058826,0.3649122807017544,34,44,28,5-permutation-null
0.4411764705882353,0.40175438596491225,34,44,29,5-permutation-null
0.5294117647058824,0.487719298245614,34,44,30,5-permutation-null
0.47058823529411764,0.4631578947368421,34,44,31,5-permutation-null
0.5,0.46842105263157896,34,44,32,5-permutation-null
0.5,0.48245614035087714,34,44,33,5-permutation-null
0.5588235294117647,0.5421052631578948,34,44,34,5-permutation-null
0.47058823529411764,0.4280701754385965,34,44,35,5-permutation-null
0.47058823529411764,0.4280701754385965,34,44,36,5-permutation-null
0.6764705882352942,0.6543859649122807,34,44,37,5-permutation-null
0.47058823529411764,0.4350877192982456,34,44,38,5-permutation-null
0.5,0.5175438596491228,34,44,39,5-permutation-null
0.4117647058823529,0.37543859649122807,34,44,40,5-permutation-null
0.47058823529411764,0.4350877192982456,34,44,41,5-permutation-null
0.6176470588235294,0.6157894736842104,34,44,42,5-permutation-null
0.5588235294117647,0.5280701754385965,34,44,43,5-permutation-null
0.47058823529411764,0.45614035087719296,34,44,44,5-permutation-null
0.5,0.46842105263157896,34,44,45,5-permutation-null
0.5,0.4614035087719298,34,44,46,5-permutation-null
0.38235294117647056,0.356140350877193,34,44,47,5-permutation-null
0.5882352941176471,0.5614035087719298,34,44,48,5-permutation-null
0.47058823529411764,0.4350877192982456,34,44,49,5-permutation-null
0.5588235294117647,0.5140350877192983,34,44,50,5-permutation-null
0.4117647058823529,0.4175438596491228,34,44,51,5-permutation-null
0.5,0.45438596491228067,34,44,52,5-permutation-null
0.2647058823529412,0.2578947368421053,34,44,53,5-permutation-null
0.6176470588235294,0.6017543859649123,34,44,54,5-permutation-null
0.5,0.4614035087719298,34,44,55,5-permutation-null
0.5294117647058824,0.5157894736842106,34,44,56,5-permutation-null
0.5294117647058824,0.487719298245614,34,44,57,5-permutation-null
0.35294117647058826,0.3719298245614035,34,44,58,5-permutation-null
0.4411764705882353,0.42280701754385963,34,44,59,5-permutation-null
0.6176470588235294,0.5807017543859649,34,44,60,5-permutation-null
0.5294117647058824,0.5017543859649123,34,44,61,5-permutation-null
0.29411764705882354,0.31228070175438594,34,44,62,5-permutation-null
0.6176470588235294,0.587719298245614,34,44,63,5-permutation-null
0.5,0.48947368421052634,34,44,64,5-permutation-null
0.4117647058823529,0.38245614035087716,34,44,65,5-permutation-null
0.47058823529411764,0.47017543859649125,34,44,66,5-permutation-null
0.5882352941176471,0.5543859649122806,34,44,67,5-permutation-null
0.5588235294117647,0.5210526315789473,34,44,68,5-permutation-null
0.38235294117647056,0.39824561403508774,34,44,69,5-permutation-null
0.29411764705882354,0.30526315789473685,34,44,70,5-permutation-null
0.38235294117647056,0.3701754385964912,34,44,71,5-permutation-null
0.4411764705882353,0.443859649122807,34,44,72,5-permutation-null
0.47058823529411764,0.4421052631578948,34,44,73,5-permutation-null
0.4117647058823529,0.4105263157894737,34,44,74,5-permutation-null
0.47058823529411764,0.49122807017543857,34,44,75,5-permutation-null
0.6470588235294118,0.6350877192982456,34,44,76,5-permutation-null
0.5,0.48245614035087714,34,44,77,5-permutation-null
0.4411764705882353,0.45789473684210524,34,44,78,5-permutation-null
0.47058823529411764,0.47017543859649125,34,44,79,5-permutation-null
0.4411764705882353,0.40175438596491225,34,44,80,5-permutation-null
0.47058823529411764,0.47719298245614034,34,44,81,5-permutation-null
0.5294117647058824,0.5087719298245614,34,44,82,5-permutation-null
0.38235294117647056,0.3631578947368421,34,44,83,5-permutation-null
0.4411764705882353,0.4157894736842105,34,44,84,5-permutation-null
0.6176470588235294,0.6157894736842104,34,44,85,5-permutation-null
0.47058823529411764,0.4421052631578948,34,44,86,5-permutation-null
0.5,0.46842105263157896,34,44,87,5-permutation-null
0.47058823529411764,0.4350877192982456,34,44,88,5-permutation-null
0.38235294117647056,0.356140350877193,34,44,89,5-permutation-null
0.5588235294117647,0.5421052631578948,34,44,90,5-permutation-null
0.5588235294117647,0.5491228070175438,34,44,91,5-permutation-null
0.4117647058823529,0.37543859649122807,34,44,92,5-permutation-null
0.5882352941176471,0.5754385964912281,34,44,93,5-permutation-null
0.35294117647058826,0.32982456140350874,34,44,94,5-permutation-null
0.5,0.5175438596491228,34,44,95,5-permutation-null
0.38235294117647056,0.34210526315789475,34,44,96,5-permutation-null
0.6176470588235294,0.5807017543859649,34,44,97,5-permutation-null
0.5588235294117647,0.5350877192982456,34,44,98,5-permutation-null
0.38235294117647056,0.39824561403508774,34,44,99,5-permutation-null
0.6,0.599802371541502,45,23,0,5-permutation-null
0.5111111111111111,0.5108695652173914,45,23,1,5-permutation-null
0.5555555555555556,0.5484189723320158,45,23,2,5-permutation-null
0.28888888888888886,0.28952569169960474,45,23,3,5-permutation-null
0.3111111111111111,0.3073122529644269,45,23,4,5-permutation-null
0.3111111111111111,0.3092885375494071,45,23,5,5-permutation-null
0.4888888888888889,0.48814229249011853,45,23,6,5-permutation-null
0.4444444444444444,0.4496047430830039,45,23,7,5-permutation-null
0.4666666666666667,0.4644268774703557,45,23,8,5-permutation-null
0.6222222222222222,0.6195652173913043,45,23,9,5-permutation-null
0.5555555555555556,0.5503952569169961,45,23,10,5-permutation-null
0.5555555555555556,0.5543478260869565,45,23,11,5-permutation-null
0.5777777777777777,0.5741106719367589,45,23,12,5-permutation-null
0.5555555555555556,0.5523715415019763,45,23,13,5-permutation-null
0.4666666666666667,0.46739130434782605,45,23,14,5-permutation-null
0.5777777777777777,0.5780632411067194,45,23,15,5-permutation-null
0.4888888888888889,0.4891304347826087,45,23,16,5-permutation-null
0.5333333333333333,0.5296442687747036,45,23,17,5-permutation-null
0.4444444444444444,0.44762845849802374,45,23,18,5-permutation-null
0.6444444444444445,0.6462450592885376,45,23,19,5-permutation-null
0.4444444444444444,0.44565217391304346,45,23,20,5-permutation-null
0.4888888888888889,0.4851778656126482,45,23,21,5-permutation-null
0.5555555555555556,0.5533596837944664,45,23,22,5-permutation-null
0.4888888888888889,0.4851778656126482,45,23,23,5-permutation-null
0.4222222222222222,0.4179841897233202,45,23,24,5-permutation-null
0.5111111111111111,0.5059288537549407,45,23,25,5-permutation-null
0.5555555555555556,0.5533596837944664,45,23,26,5-permutation-null
0.4,0.4051383399209486,45,23,27,5-permutation-null
0.4,0.4031620553359684,45,23,28,5-permutation-null
0.5333333333333333,0.5276679841897234,45,23,29,5-permutation-null
0.4222222222222222,0.4169960474308301,45,23,30,5-permutation-null
0.4222222222222222,0.4268774703557312,45,23,31,5-permutation-null
0.4666666666666667,0.4634387351778656,45,23,32,5-permutation-null
0.5777777777777777,0.5741106719367589,45,23,33,5-permutation-null
0.4888888888888889,0.48814229249011853,45,23,34,5-permutation-null
0.35555555555555557,0.3547430830039526,45,23,35,5-permutation-null
0.37777777777777777,0.37055335968379444,45,23,36,5-permutation-null
0.4,0.4031620553359684,45,23,37,5-permutation-null
0.5777777777777777,0.5741106719367589,45,23,38,5-permutation-null
0.28888888888888886,0.28952569169960474,45,23,39,5-permutation-null
0.5333333333333333,0.5345849802371542,45,23,40,5-permutation-null
0.37777777777777777,0.37747035573122534,45,23,41,5-permutation-null
0.6888888888888889,0.6897233201581028,45,23,42,5-permutation-null
0.3333333333333333,0.3330039525691699,45,23,43,5-permutation-null
0.6888888888888889,0.6887351778656126,45,23,44,5-permutation-null
0.4888888888888889,0.4871541501976284,45,23,45,5-permutation-null
0.5333333333333333,0.5326086956521738,45,23,46,5-permutation-null
0.5555555555555556,0.5553359683794465,45,23,47,5-permutation-null
0.4222222222222222,0.4209486166007905,45,23,48,5-permutation-null
0.37777777777777777,0.37845849802371545,45,23,49,5-permutation-null
0.4888888888888889,0.49209486166007904,45,23,50,5-permutation-null
0.4666666666666667,0.4644268774703557,45,23,51,5-permutation-null
0.4666666666666667,0.4614624505928854,45,23,52,5-permutation-null
0.37777777777777777,0.37450592885375494,45,23,53,5-permutation-null
0.5333333333333333,0.5276679841897234,45,23,54,5-permutation-null
0.5111111111111111,0.5108695652173914,45,23,55,5-permutation-null
0.6222222222222222,0.6195652173913043,45,23,56,5-permutation-null
0.5333333333333333,0.5335968379446641,45,23,57,5-permutation-null
0.4888888888888889,0.49011857707509876,45,23,58,5-permutation-null
0.4666666666666667,0.4654150197628458,45,23,59,5-permutation-null
0.4444444444444444,0.4397233201581028,45,23,60,5-permutation-null
0.4,0.391304347826087,45,23,61,5-permutation-null
0.4,0.39624505928853754,45,23,62,5-permutation-null
0.4222222222222222,0.4199604743083004,45,23,63,5-permutation-null
0.4222222222222222,0.41897233201581024,45,23,64,5-permutation-null
0.4888888888888889,0.4871541501976284,45,23,65,5-permutation-null
0.5333333333333333,0.5296442687747036,45,23,66,5-permutation-null
0.5333333333333333,0.5326086956521738,45,23,67,5-permutation-null
0.5777777777777777,0.5760869565217391,45,23,68,5-permutation-null
0.4888888888888889,0.4851778656126482,45,23,69,5-permutation-null
0.35555555555555557,0.3547430830039526,45,23,70,5-permutation-null
0.6222222222222222,0.6195652173913043,45,23,71,5-permutation-null
0.4,0.3942687747035573,45,23,72,5-permutation-null
0.4222222222222222,0.4258893280632411,45,23,73,5-permutation-null
0.5333333333333333,0.5276679841897234,45,23,74,5-permutation-null
0.5777777777777777,0.575098814229249,45,23,75,5-permutation-null
0.35555555555555557,0.35276679841897235,45,23,76,5-permutation-null
0.4222222222222222,0.4209486166007905,45,23,77,5-permutation-null
0.4888888888888889,0.48616600790513836,45,23,78,5-permutation-null
0.4222222222222222,0.41897233201581024,45,23,79,5-permutation-null
0.4888888888888889,0.4851778656126482,45,23,80,5-permutation-null
0.4222222222222222,0.42193675889328064,45,23,81,5-permutation-null
0.4888888888888889,0.49011857707509876,45,23,82,5-permutation-null
0.4888888888888889,0.491106719367589,45,23,83,5-permutation-null
0.5111111111111111,0.5098814229249011,45,23,84,5-permutation-null
0.4888888888888889,0.49209486166007904,45,23,85,5-permutation-null
0.4222222222222222,0.424901185770751,45,23,86,5-permutation-null
0.4222222222222222,0.41897233201581024,45,23,87,5-permutation-null
0.5777777777777777,0.5780632411067194,45,23,88,5-permutation-null
0.5333333333333333,0.5306324110671937,45,23,89,5-permutation-null
0.5555555555555556,0.5553359683794465,45,23,90,5-permutation-null
0.6,0.6017786561264822,45,23,91,5-permutation-null
0.4222222222222222,0.42391304347826086,45,23,92,5-permutation-null
0.37777777777777777,0.38142292490118573,45,23,93,5-permutation-null
0.4444444444444444,0.44762845849802374,45,23,94,5-permutation-null
0.3333333333333333,0.3290513833992095,45,23,95,5-permutation-null
0.6,0.5978260869565217,45,23,96,5-permutation-null
0.4666666666666667,0.4654150197628458,45,23,97,5-permutation-null
0.5111111111111111,0.5148221343873518,45,23,98,5-permutation-null
0.4888888888888889,0.48814229249011853,45,23,99,5-permutation-null
0.42857142857142855,0.42857142857142855,42,76,0,5-permutation-null
0.5476190476190477,0.5476190476190476,42,76,1,5-permutation-null
0.6190476190476191,0.6190476190476191,42,76,2,5-permutation-null
0.5238095238095238,0.5238095238095238,42,76,3,5-permutation-null
0.4523809523809524,0.4523809523809524,42,76,4,5-permutation-null
0.5476190476190477,0.5476190476190477,42,76,5,5-permutation-null
0.5238095238095238,0.5238095238095237,42,76,6,5-permutation-null
0.3333333333333333,0.3333333333333333,42,76,7,5-permutation-null
0.5,0.5,42,76,8,5-permutation-null
0.35714285714285715,0.3571428571428571,42,76,9,5-permutation-null
0.5476190476190477,0.5476190476190477,42,76,10,5-permutation-null
0.6428571428571429,0.6428571428571428,42,76,11,5-permutation-null
0.5714285714285714,0.5714285714285714,42,76,12,5-permutation-null
0.5714285714285714,0.5714285714285714,42,76,13,5-permutation-null
0.5238095238095238,0.5238095238095238,42,76,14,5-permutation-null
0.40476190476190477,0.40476190476190477,42,76,15,5-permutation-null
0.4523809523809524,0.4523809523809524,42,76,16,5-permutation-null
0.6190476190476191,0.6190476190476191,42,76,17,5-permutation-null
0.5238095238095238,0.5238095238095237,42,76,18,5-permutation-null
0.42857142857142855,0.4285714285714286,42,76,19,5-permutation-null
0.5476190476190477,0.5476190476190477,42,76,20,5-permutation-null
0.5238095238095238,0.5238095238095237,42,76,21,5-permutation-null
0.5238095238095238,0.5238095238095237,42,76,22,5-permutation-null
0.3333333333333333,0.3333333333333333,42,76,23,5-permutation-null
0.4523809523809524,0.45238095238095233,42,76,24,5-permutation-null
0.5,0.5,42,76,25,5-permutation-null
0.40476190476190477,0.40476190476190477,42,76,26,5-permutation-null
0.5,0.5,42,76,27,5-permutation-null
0.6904761904761905,0.6904761904761905,42,76,28,5-permutation-null
0.5238095238095238,0.5238095238095237,42,76,29,5-permutation-null
0.5,0.5,42,76,30,5-permutation-null
0.5238095238095238,0.5238095238095237,42,76,31,5-permutation-null
0.47619047619047616,0.47619047619047616,42,76,32,5-permutation-null
0.5714285714285714,0.5714285714285714,42,76,33,5-permutation-null
0.42857142857142855,0.42857142857142855,42,76,34,5-permutation-null
0.35714285714285715,0.3571428571428571,42,76,35,5-permutation-null
0.38095238095238093,0.38095238095238093,42,76,36,5-permutation-null
0.42857142857142855,0.42857142857142855,42,76,37,5-permutation-null
0.47619047619047616,0.47619047619047616,42,76,38,5-permutation-null
0.5,0.5,42,76,39,5-permutation-null
0.40476190476190477,0.40476190476190477,42,76,40,5-permutation-null
0.47619047619047616,0.47619047619047616,42,76,41,5-permutation-null
0.40476190476190477,0.40476190476190477,42,76,42,5-permutation-null
0.5476190476190477,0.5476190476190477,42,76,43,5-permutation-null
0.4523809523809524,0.4523809523809524,42,76,44,5-permutation-null
0.38095238095238093,0.38095238095238093,42,76,45,5-permutation-null
0.4523809523809524,0.45238095238095233,42,76,46,5-permutation-null
0.5476190476190477,0.5476190476190477,42,76,47,5-permutation-null
0.5238095238095238,0.5238095238095237,42,76,48,5-permutation-null
0.5,0.5,42,76,49,5-permutation-null
0.6428571428571429,0.6428571428571428,42,76,50,5-permutation-null
0.2857142857142857,0.2857142857142857,42,76,51,5-permutation-null
0.5238095238095238,0.5238095238095238,42,76,52,5-permutation-null
0.42857142857142855,0.42857142857142855,42,76,53,5-permutation-null
0.40476190476190477,0.40476190476190477,42,76,54,5-permutation-null
0.35714285714285715,0.3571428571428571,42,76,55,5-permutation-null
0.4523809523809524,0.45238095238095233,42,76,56,5-permutation-null
0.5476190476190477,0.5476190476190476,42,76,57,5-permutation-null
0.4523809523809524,0.4523809523809524,42,76,58,5-permutation-null
0.38095238095238093,0.38095238095238093,42,76,59,5-permutation-null
0.4523809523809524,0.4523809523809524,42,76,60,5-permutation-null
0.5952380952380952,0.5952380952380952,42,76,61,5-permutation-null
0.38095238095238093,0.38095238095238093,42,76,62,5-permutation-null
0.5,0.5,42,76,63,5-permutation-null
0.47619047619047616,0.47619047619047616,42,76,64,5-permutation-null
0.47619047619047616,0.47619047619047616,42,76,65,5-permutation-null
0.47619047619047616,0.47619047619047616,42,76,66,5-permutation-null
0.5238095238095238,0.5238095238095237,42,76,67,5-permutation-null
0.40476190476190477,0.40476190476190477,42,76,68,5-permutation-null
0.4523809523809524,0.45238095238095233,42,76,69,5-permutation-null
0.5476190476190477,0.5476190476190477,42,76,70,5-permutation-null
0.5476190476190477,0.5476190476190477,42,76,71,5-permutation-null
0.38095238095238093,0.38095238095238093,42,76,72,5-permutation-null
0.4523809523809524,0.45238095238095233,42,76,73,5-permutation-null
0.38095238095238093,0.38095238095238093,42,76,74,5-permutation-null
0.5,0.5,42,76,75,5-permutation-null
0.42857142857142855,0.42857142857142855,42,76,76,5-permutation-null
0.42857142857142855,0.4285714285714286,42,76,77,5-permutation-null
0.5476190476190477,0.5476190476190477,42,76,78,5-permutation-null
0.38095238095238093,0.38095238095238093,42,76,79,5-permutation-null
0.40476190476190477,0.40476190476190477,42,76,80,5-permutation-null
0.5,0.5,42,76,81,5-permutation-null
0.30952380952380953,0.30952380952380953,42,76,82,5-permutation-null
0.4523809523809524,0.45238095238095233,42,76,83,5-permutation-null
0.5476190476190477,0.5476190476190477,42,76,84,5-permutation-null
0.5,0.5,42,76,85,5-permutation-null
0.5238095238095238,0.5238095238095237,42,76,86,5-permutation-null
0.47619047619047616,0.47619047619047616,42,76,87,5-permutation-null
0.40476190476190477,0.40476190476190477,42,76,88,5-permutation-null
0.5714285714285714,0.5714285714285714,42,76,89,5-permutation-null
0.3333333333333333,0.3333333333333333,42,76,90,5-permutation-null
0.5,0.5,42,76,91,5-permutation-null
0.42857142857142855,0.4285714285714286,42,76,92,5-permutation-null
0.3333333333333333,0.3333333333333333,42,76,93,5-permutation-null
0.5,0.5,42,76,94,5-permutation-null
0.5714285714285714,0.5714285714285714,42,76,95,5-permutation-null
0.5,0.5,42,76,96,5-permutation-null
0.5,0.5,42,76,97,5-permutation-null
0.30952380952380953,0.30952380952380953,42,76,98,5-permutation-null
0.40476190476190477,0.40476190476190477,42,76,99,5-permutation-null
0.5555555555555556,0.5533596837944664,45,35,0,5-permutation-null
0.4444444444444444,0.4486166007905138,45,35,1,5-permutation-null
0.4444444444444444,0.4496047430830039,45,35,2,5-permutation-null
0.4666666666666667,0.46640316205533594,45,35,3,5-permutation-null
0.5333333333333333,0.5365612648221344,45,35,4,5-permutation-null
0.4888888888888889,0.49209486166007904,45,35,5,5-permutation-null
0.5111111111111111,0.5108695652173914,45,35,6,5-permutation-null
0.4666666666666667,0.47430830039525695,45,35,7,5-permutation-null
0.4,0.4061264822134387,45,35,8,5-permutation-null
0.4222222222222222,0.4179841897233202,45,35,9,5-permutation-null
0.4222222222222222,0.424901185770751,45,35,10,5-permutation-null
0.4666666666666667,0.4614624505928854,45,35,11,5-permutation-null
0.4444444444444444,0.4496047430830039,45,35,12,5-permutation-null
0.4666666666666667,0.4634387351778656,45,35,13,5-permutation-null
0.37777777777777777,0.3735177865612648,45,35,14,5-permutation-null
0.4888888888888889,0.49308300395256915,45,35,15,5-permutation-null
0.4444444444444444,0.4407114624505929,45,35,16,5-permutation-null
0.4222222222222222,0.42292490118577075,45,35,17,5-permutation-null
0.5111111111111111,0.5079051383399209,45,35,18,5-permutation-null
0.4,0.39723320158102765,45,35,19,5-permutation-null
0.5555555555555556,0.5602766798418972,45,35,20,5-permutation-null
0.4666666666666667,0.45948616600790515,45,35,21,5-permutation-null
0.3333333333333333,0.33695652173913043,45,35,22,5-permutation-null
0.5111111111111111,0.5059288537549407,45,35,23,5-permutation-null
0.35555555555555557,0.3537549407114624,45,35,24,5-permutation-null
0.5777777777777777,0.575098814229249,45,35,25,5-permutation-null
0.4888888888888889,0.48023715415019763,45,35,26,5-permutation-null
0.5333333333333333,0.5395256916996047,45,35,27,5-permutation-null
0.4666666666666667,0.45948616600790515,45,35,28,5-permutation-null
0.5777777777777777,0.5780632411067194,45,35,29,5-permutation-null
0.4222222222222222,0.4199604743083004,45,35,30,5-permutation-null
0.4222222222222222,0.4199604743083004,45,35,31,5-permutation-null
0.37777777777777777,0.37648221343873517,45,35,32,5-permutation-null
0.4,0.40711462450592883,45,35,33,5-permutation-null
0.5111111111111111,0.5177865612648221,45,35,34,5-permutation-null
0.5111111111111111,0.516798418972332,45,35,35,5-permutation-null
0.3111111111111111,0.31225296442687744,45,35,36,5-permutation-null
0.4222222222222222,0.41304347826086957,45,35,37,5-permutation-null
0.4666666666666667,0.46739130434782605,45,35,38,5-permutation-null
0.4,0.39920948616600793,45,35,39,5-permutation-null
0.4666666666666667,0.4614624505928854,45,35,40,5-permutation-null
0.4444444444444444,0.4397233201581028,45,35,41,5-permutation-null
0.5555555555555556,0.5513833992094861,45,35,42,5-permutation-null
0.4666666666666667,0.46640316205533594,45,35,43,5-permutation-null
0.5333333333333333,0.5355731225296443,45,35,44,5-permutation-null
0.37777777777777777,0.3725296442687747,45,35,45,5-permutation-null
0.5555555555555556,0.5503952569169961,45,35,46,5-permutation-null
0.5777777777777777,0.5731225296442688,45,35,47,5-permutation-null
0.4444444444444444,0.4407114624505929,45,35,48,5-permutation-null
0.3333333333333333,0.3349802371541502,45,35,49,5-permutation-null
0.4444444444444444,0.4505928853754941,45,35,50,5-permutation-null
0.4222222222222222,0.4258893280632411,45,35,51,5-permutation-null
0.4222222222222222,0.42292490118577075,45,35,52,5-permutation-null
0.5333333333333333,0.5326086956521738,45,35,53,5-permutation-null
0.4666666666666667,0.4614624505928854,45,35,54,5-permutation-null
0.5555555555555556,0.5513833992094861,45,35,55,5-permutation-null
0.3333333333333333,0.32806324110671936,45,35,56,5-permutation-null
0.4,0.4031620553359684,45,35,57,5-permutation-null
0.35555555555555557,0.3606719367588933,45,35,58,5-permutation-null
0.4666666666666667,0.47430830039525695,45,35,59,5-permutation-null
0.5777777777777777,0.5770750988142292,45,35,60,5-permutation-null
0.37777777777777777,0.3725296442687747,45,35,61,5-permutation-null
0.35555555555555557,0.3577075098814229,45,35,62,5-permutation-null
0.4666666666666667,0.46640316205533594,45,35,63,5-permutation-null
0.4666666666666667,0.46837944664031617,45,35,64,5-permutation-null
0.4,0.3982213438735178,45,35,65,5-permutation-null
0.4888888888888889,0.48814229249011853,45,35,66,5-permutation-null
0.4888888888888889,0.491106719367589,45,35,67,5-permutation-null
0.4,0.39624505928853754,45,35,68,5-permutation-null
0.3333333333333333,0.33992094861660077,45,35,69,5-permutation-null
0.4666666666666667,0.46739130434782605,45,35,70,5-permutation-null
0.4888888888888889,0.48320158102766797,45,35,71,5-permutation-null
0.4,0.4031620553359684,45,35,72,5-permutation-null
0.35555555555555557,0.358695652173913,45,35,73,5-permutation-null
0.5111111111111111,0.5069169960474308,45,35,74,5-permutation-null
0.4444444444444444,0.44565217391304346,45,35,75,5-permutation-null
0.4444444444444444,0.44367588932806323,45,35,76,5-permutation-null
0.4888888888888889,0.4871541501976284,45,35,77,5-permutation-null
0.4,0.40118577075098816,45,35,78,5-permutation-null
0.5333333333333333,0.5355731225296443,45,35,79,5-permutation-null
0.4888888888888889,0.4851778656126482,45,35,80,5-permutation-null
0.4666666666666667,0.46739130434782605,45,35,81,5-permutation-null
0.4222222222222222,0.4169960474308301,45,35,82,5-permutation-null
0.4666666666666667,0.4733201581027668,45,35,83,5-permutation-null
0.28888888888888886,0.29051383399209485,45,35,84,5-permutation-null
0.37777777777777777,0.37944664031620556,45,35,85,5-permutation-null
0.5333333333333333,0.5286561264822134,45,35,86,5-permutation-null
0.5111111111111111,0.5128458498023716,45,35,87,5-permutation-null
0.4888888888888889,0.4871541501976284,45,35,88,5-permutation-null
0.4222222222222222,0.4258893280632411,45,35,89,5-permutation-null
0.37777777777777777,0.3735177865612648,45,35,90,5-permutation-null
0.5777777777777777,0.5770750988142292,45,35,91,5-permutation-null
0.5333333333333333,0.5335968379446641,45,35,92,5-permutation-null
0.4222222222222222,0.4150197628458498,45,35,93,5-permutation-null
0.4222222222222222,0.41897233201581024,45,35,94,5-permutation-null
0.37777777777777777,0.38142292490118573,45,35,95,5-permutation-null
0.4666666666666667,0.4634387351778656,45,35,96,5-permutation-null
0.5555555555555556,0.5612648221343874,45,35,97,5-permutation-null
0.5333333333333333,0.5335968379446641,45,35,98,5-permutation-null
0.3111111111111111,0.31422924901185767,45,35,99,5-permutation-null
0.4523809523809524,0.4431818181818182,42,75,0,5-permutation-null
0.5476190476190477,0.5431818181818182,42,75,1,5-permutation-null
0.7142857142857143,0.7113636363636364,42,75,2,5-permutation-null
0.47619047619047616,0.45681818181818185,42,75,3,5-permutation-null
0.4523809523809524,0.4545454545454546,42,75,4,5-permutation-null
0.42857142857142855,0.42272727272727273,42,75,5,5-permutation-null
0.5,0.4977272727272727,42,75,6,5-permutation-null
0.4523809523809524,0.45227272727272727,42,75,7,5-permutation-null
0.6190476190476191,0.625,42,75,8,5-permutation-null
0.47619047619047616,0.46818181818181814,42,75,9,5-permutation-null
0.5,0.47954545454545455,42,75,10,5-permutation-null
0.5,0.5159090909090909,42,75,11,5-permutation-null
0.4523809523809524,0.4545454545454546,42,75,12,5-permutation-null
0.42857142857142855,0.425,42,75,13,5-permutation-null
0.4523809523809524,0.45227272727272727,42,75,14,5-permutation-null
0.4523809523809524,0.4590909090909091,42,75,15,5-permutation-null
0.4523809523809524,0.44545454545454544,42,75,16,5-permutation-null
0.4523809523809524,0.43409090909090914,42,75,17,5-permutation-null
0.4523809523809524,0.4409090909090909,42,75,18,5-permutation-null
0.6666666666666666,0.6727272727272727,42,75,19,5-permutation-null
0.30952380952380953,0.3,42,75,20,5-permutation-null
0.4523809523809524,0.4545454545454546,42,75,21,5-permutation-null
0.6190476190476191,0.6227272727272727,42,75,22,5-permutation-null
0.40476190476190477,0.4113636363636364,42,75,23,5-permutation-null
0.5952380952380952,0.6022727272727273,42,75,24,5-permutation-null
0.5,0.509090909090909,42,75,25,5-permutation-null
0.47619047619047616,0.475,42,75,26,5-permutation-null
0.5952380952380952,0.6022727272727273,42,75,27,5-permutation-null
0.5476190476190477,0.5386363636363636,42,75,28,5-permutation-null
0.4523809523809524,0.4545454545454546,42,75,29,5-permutation-null
0.35714285714285715,0.36590909090909096,42,75,30,5-permutation-null
0.4523809523809524,0.44545454545454544,42,75,31,5-permutation-null
0.47619047619047616,0.48636363636363633,42,75,32,5-permutation-null
0.3333333333333333,0.34545454545454546,42,75,33,5-permutation-null
0.5,0.4818181818181818,42,75,34,5-permutation-null
0.5238095238095238,0.5159090909090909,42,75,35,5-permutation-null
0.5,0.49318181818181817,42,75,36,5-permutation-null
0.4523809523809524,0.4409090909090909,42,75,37,5-permutation-null
0.35714285714285715,0.3590909090909091,42,75,38,5-permutation-null
0.4523809523809524,0.47045454545454546,42,75,39,5-permutation-null
0.38095238095238093,0.3795454545454545,42,75,40,5-permutation-null
0.42857142857142855,0.4159090909090909,42,75,41,5-permutation-null
0.47619047619047616,0.4818181818181818,42,75,42,5-permutation-null
0.47619047619047616,0.46136363636363636,42,75,43,5-permutation-null
0.5238095238095238,0.5227272727272727,42,75,44,5-permutation-null
0.6428571428571429,0.6431818181818182,42,75,45,5-permutation-null
0.5952380952380952,0.6068181818181818,42,75,46,5-permutation-null
0.47619047619047616,0.4590909090909091,42,75,47,5-permutation-null
0.42857142857142855,0.42045454545454547,42,75,48,5-permutation-null
0.42857142857142855,0.42727272727272725,42,75,49,5-permutation-null
0.5,0.49090909090909085,42,75,50,5-permutation-null
0.5476190476190477,0.55,42,75,51,5-permutation-null
0.5714285714285714,0.5568181818181819,42,75,52,5-permutation-null
0.5952380952380952,0.5954545454545455,42,75,53,5-permutation-null
0.6428571428571429,0.6318181818181818,42,75,54,5-permutation-null
0.3333333333333333,0.33636363636363636,42,75,55,5-permutation-null
0.5,0.5136363636363637,42,75,56,5-permutation-null
0.6190476190476191,0.6113636363636363,42,75,57,5-permutation-null
0.4523809523809524,0.4636363636363636,42,75,58,5-permutation-null
0.5238095238095238,0.5295454545454545,42,75,59,5-permutation-null
0.5714285714285714,0.5590909090909091,42,75,60,5-permutation-null
0.6190476190476191,0.6181818181818182,42,75,61,5-permutation-null
0.5714285714285714,0.5568181818181819,42,75,62,5-permutation-null
0.5476190476190477,0.5409090909090909,42,75,63,5-permutation-null
0.4523809523809524,0.4477272727272727,42,75,64,5-permutation-null
0.5238095238095238,0.5136363636363637,42,75,65,5-permutation-null
0.5238095238095238,0.5295454545454545,42,75,66,5-permutation-null
0.5,0.49318181818181817,42,75,67,5-permutation-null
0.5238095238095238,0.5204545454545455,42,75,68,5-permutation-null
0.5238095238095238,0.5022727272727273,42,75,69,5-permutation-null
0.5714285714285714,0.5704545454545455,42,75,70,5-permutation-null
0.4523809523809524,0.43636363636363634,42,75,71,5-permutation-null
0.47619047619047616,0.4727272727272727,42,75,72,5-permutation-null
0.42857142857142855,0.42272727272727273,42,75,73,5-permutation-null
0.5476190476190477,0.5318181818181819,42,75,74,5-permutation-null
0.5,0.49318181818181817,42,75,75,5-permutation-null
0.6190476190476191,0.6090909090909091,42,75,76,5-permutation-null
0.38095238095238093,0.38181818181818183,42,75,77,5-permutation-null
0.5,0.4977272727272727,42,75,78,5-permutation-null
0.42857142857142855,0.425,42,75,79,5-permutation-null
0.5714285714285714,0.5795454545454546,42,75,80,5-permutation-null
0.5,0.49090909090909085,42,75,81,5-permutation-null
0.5952380952380952,0.5909090909090908,42,75,82,5-permutation-null
0.5714285714285714,0.5772727272727273,42,75,83,5-permutation-null
0.5952380952380952,0.6,42,75,84,5-permutation-null
0.4523809523809524,0.4431818181818182,42,75,85,5-permutation-null
0.35714285714285715,0.3590909090909091,42,75,86,5-permutation-null
0.47619047619047616,0.475,42,75,87,5-permutation-null
0.40476190476190477,0.3954545454545455,42,75,88,5-permutation-null
0.47619047619047616,0.4772727272727273,42,75,89,5-permutation-null
0.4523809523809524,0.4545454545454546,42,75,90,5-permutation-null
0.4523809523809524,0.4477272727272727,42,75,91,5-permutation-null
0.5952380952380952,0.5977272727272727,42,75,92,5-permutation-null
0.40476190476190477,0.40909090909090906,42,75,93,5-permutation-null
0.3333333333333333,0.3227272727272727,42,75,94,5-permutation-null
0.42857142857142855,0.4340909090909091,42,75,95,5-permutation-null
0.5714285714285714,0.5613636363636363,42,75,96,5-permutation-null
0.42857142857142855,0.42272727272727273,42,75,97,5-permutation-null
0.23809523809523808,0.23863636363636365,42,75,98,5-permutation-null
0.42857142857142855,0.4159090909090909,42,75,99,5-permutation-null
0.5333333333333333,0.5029761904761905,45,69,0,5-permutation-null
0.4,0.3958333333333333,45,69,1,5-permutation-null
0.4222222222222222,0.41666666666666663,45,69,2,5-permutation-null
0.5111111111111111,0.5,45,69,3,5-permutation-null
0.4888888888888889,0.48214285714285715,45,69,4,5-permutation-null
0.4888888888888889,0.46726190476190477,45,69,5,5-permutation-null
0.4222222222222222,0.4226190476190476,45,69,6,5-permutation-null
0.37777777777777777,0.37797619047619047,45,69,7,5-permutation-null
0.5777777777777777,0.5565476190476191,45,69,8,5-permutation-null
0.4666666666666667,0.4375,45,69,9,5-permutation-null
0.6,0.5803571428571428,45,69,10,5-permutation-null
0.5111111111111111,0.5267857142857143,45,69,11,5-permutation-null
0.4,0.38988095238095233,45,69,12,5-permutation-null
0.4444444444444444,0.4226190476190476,45,69,13,5-permutation-null
0.26666666666666666,0.2767857142857143,45,69,14,5-permutation-null
0.4,0.41666666666666663,45,69,15,5-permutation-null
0.5555555555555556,0.5446428571428572,45,69,16,5-permutation-null
0.5111111111111111,0.48809523809523814,45,69,17,5-permutation-null
0.4444444444444444,0.4464285714285714,45,69,18,5-permutation-null
0.4888888888888889,0.47619047619047616,45,69,19,5-permutation-null
0.28888888888888886,0.29166666666666663,45,69,20,5-permutation-null
0.5555555555555556,0.5476190476190476,45,69,21,5-permutation-null
0.4,0.3869047619047619,45,69,22,5-permutation-null
0.37777777777777777,0.36607142857142855,45,69,23,5-permutation-null
0.37777777777777777,0.37202380952380953,45,69,24,5-permutation-null
0.4222222222222222,0.4107142857142857,45,69,25,5-permutation-null
0.6666666666666666,0.6696428571428572,45,69,26,5-permutation-null
0.5111111111111111,0.5178571428571429,45,69,27,5-permutation-null
0.5333333333333333,0.5208333333333334,45,69,28,5-permutation-null
0.4666666666666667,0.44047619047619047,45,69,29,5-permutation-null
0.4444444444444444,0.4494047619047619,45,69,30,5-permutation-null
0.5333333333333333,0.5267857142857143,45,69,31,5-permutation-null
0.4,0.4017857142857143,45,69,32,5-permutation-null
0.26666666666666666,0.26190476190476186,45,69,33,5-permutation-null
0.4888888888888889,0.47023809523809523,45,69,34,5-permutation-null
0.5111111111111111,0.5089285714285714,45,69,35,5-permutation-null
0.5111111111111111,0.5059523809523809,45,69,36,5-permutation-null
0.6222222222222222,0.6101190476190476,45,69,37,5-permutation-null
0.4222222222222222,0.41369047619047616,45,69,38,5-permutation-null
0.4444444444444444,0.4494047619047619,45,69,39,5-permutation-null
0.5333333333333333,0.5089285714285714,45,69,40,5-permutation-null
0.28888888888888886,0.2767857142857143,45,69,41,5-permutation-null
0.5777777777777777,0.5744047619047619,45,69,42,5-permutation-null
0.37777777777777777,0.36904761904761907,45,69,43,5-permutation-null
0.4888888888888889,0.47619047619047616,45,69,44,5-permutation-null
0.37777777777777777,0.3898809523809524,45,69,45,5-permutation-null
0.4888888888888889,0.49702380952380953,45,69,46,5-permutation-null
0.5111111111111111,0.49404761904761907,45,69,47,5-permutation-null
0.5111111111111111,0.5089285714285714,45,69,48,5-permutation-null
0.4666666666666667,0.46726190476190477,45,69,49,5-permutation-null
0.4666666666666667,0.4494047619047619,45,69,50,5-permutation-null
0.4444444444444444,0.4464285714285714,45,69,51,5-permutation-null
0.5333333333333333,0.5297619047619048,45,69,52,5-permutation-null
0.6,0.5982142857142857,45,69,53,5-permutation-null
0.4222222222222222,0.41666666666666663,45,69,54,5-permutation-null
0.4666666666666667,0.47023809523809523,45,69,55,5-permutation-null
0.4444444444444444,0.42559523809523814,45,69,56,5-permutation-null
0.5111111111111111,0.5119047619047619,45,69,57,5-permutation-null
0.5111111111111111,0.4851190476190476,45,69,58,5-permutation-null
0.5333333333333333,0.5208333333333334,45,69,59,5-permutation-null
0.4222222222222222,0.40476190476190477,45,69,60,5-permutation-null
0.6666666666666666,0.6696428571428572,45,69,61,5-permutation-null
0.4,0.3958333333333333,45,69,62,5-permutation-null
0.4222222222222222,0.4255952380952381,45,69,63,5-permutation-null
0.4666666666666667,0.45833333333333337,45,69,64,5-permutation-null
0.4888888888888889,0.4910714285714286,45,69,65,5-permutation-null
0.4444444444444444,0.43154761904761907,45,69,66,5-permutation-null
0.4666666666666667,0.45238095238095233,45,69,67,5-permutation-null
0.5333333333333333,0.5357142857142857,45,69,68,5-permutation-null
0.35555555555555557,0.34523809523809523,45,69,69,5-permutation-null
0.4222222222222222,0.43452380952380953,45,69,70,5-permutation-null
0.3333333333333333,0.34523809523809523,45,69,71,5-permutation-null
0.4888888888888889,0.47619047619047616,45,69,72,5-permutation-null
0.4222222222222222,0.40773809523809523,45,69,73,5-permutation-null
0.35555555555555557,0.34523809523809523,45,69,74,5-permutation-null
0.4666666666666667,0.4613095238095238,45,69,75,5-permutation-null
0.4888888888888889,0.46726190476190477,45,69,76,5-permutation-null
0.4888888888888889,0.48511904761904756,45,69,77,5-permutation-null
0.4222222222222222,0.4107142857142857,45,69,78,5-permutation-null
0.4222222222222222,0.41666666666666663,45,69,79,5-permutation-null
0.5333333333333333,0.5267857142857143,45,69,80,5-permutation-null
0.4222222222222222,0.41369047619047616,45,69,81,5-permutation-null
0.4888888888888889,0.48214285714285715,45,69,82,5-permutation-null
0.3111111111111111,0.3005952380952381,45,69,83,5-permutation-null
0.5333333333333333,0.5178571428571428,45,69,84,5-permutation-null
0.5555555555555556,0.5565476190476191,45,69,85,5-permutation-null
0.4666666666666667,0.4613095238095238,45,69,86,5-permutation-null
0.4888888888888889,0.48214285714285715,45,69,87,5-permutation-null
0.4888888888888889,0.4732142857142857,45,69,88,5-permutation-null
0.3111111111111111,0.3214285714285714,45,69,89,5-permutation-null
0.4444444444444444,0.4494047619047619,45,69,90,5-permutation-null
0.5111111111111111,0.5119047619047619,45,69,91,5-permutation-null
0.5777777777777777,0.5505952380952381,45,69,92,5-permutation-null
0.3111111111111111,0.31845238095238093,45,69,93,5-permutation-null
0.6,0.6041666666666666,45,69,94,5-permutation-null
0.5333333333333333,0.5089285714285714,45,69,95,5-permutation-null
0.4888888888888889,0.5,45,69,96,5-permutation-null
0.4666666666666667,0.44047619047619047,45,69,97,5-permutation-null
0.4666666666666667,0.47023809523809523,45,69,98,5-permutation-null
0.4,0.38988095238095233,45,69,99,5-permutation-null
0.6,0.5968379446640316,45,82,0,5-permutation-null
0.4,0.4061264822134387,45,82,1,5-permutation-null
0.4888888888888889,0.4841897233201581,45,82,2,5-permutation-null
0.4888888888888889,0.48221343873517786,45,82,3,5-permutation-null
0.4222222222222222,0.4179841897233202,45,82,4,5-permutation-null
0.6666666666666666,0.6640316205533596,45,82,5,5-permutation-null
0.4222222222222222,0.424901185770751,45,82,6,5-permutation-null
0.4444444444444444,0.4426877470355731,45,82,7,5-permutation-null
0.37777777777777777,0.37450592885375494,45,82,8,5-permutation-null
0.3111111111111111,0.31422924901185767,45,82,9,5-permutation-null
0.5555555555555556,0.558300395256917,45,82,10,5-permutation-null
0.5777777777777777,0.5780632411067194,45,82,11,5-permutation-null
0.5555555555555556,0.5533596837944664,45,82,12,5-permutation-null
0.4444444444444444,0.44466403162055335,45,82,13,5-permutation-null
0.4222222222222222,0.4199604743083004,45,82,14,5-permutation-null
0.5555555555555556,0.5553359683794465,45,82,15,5-permutation-null
0.5333333333333333,0.5286561264822134,45,82,16,5-permutation-null
0.4222222222222222,0.424901185770751,45,82,17,5-permutation-null
0.4,0.4041501976284585,45,82,18,5-permutation-null
0.5555555555555556,0.5523715415019763,45,82,19,5-permutation-null
0.4888888888888889,0.491106719367589,45,82,20,5-permutation-null
0.28888888888888886,0.2924901185770751,45,82,21,5-permutation-null
0.4888888888888889,0.4871541501976284,45,82,22,5-permutation-null
0.4666666666666667,0.47035573122529645,45,82,23,5-permutation-null
0.35555555555555557,0.3517786561264822,45,82,24,5-permutation-null
0.4222222222222222,0.41897233201581024,45,82,25,5-permutation-null
0.5777777777777777,0.5760869565217391,45,82,26,5-permutation-null
0.4444444444444444,0.441699604743083,45,82,27,5-permutation-null
0.4444444444444444,0.4505928853754941,45,82,28,5-permutation-null
0.4222222222222222,0.42984189723320154,45,82,29,5-permutation-null
0.4666666666666667,0.46047430830039526,45,82,30,5-permutation-null
0.5555555555555556,0.558300395256917,45,82,31,5-permutation-null
0.5111111111111111,0.5098814229249011,45,82,32,5-permutation-null
0.5555555555555556,0.5592885375494071,45,82,33,5-permutation-null
0.5111111111111111,0.5088932806324111,45,82,34,5-permutation-null
0.4888888888888889,0.4891304347826087,45,82,35,5-permutation-null
0.37777777777777777,0.37549407114624506,45,82,36,5-permutation-null
0.37777777777777777,0.38142292490118573,45,82,37,5-permutation-null
0.28888888888888886,0.2924901185770751,45,82,38,5-permutation-null
0.4,0.39920948616600793,45,82,39,5-permutation-null
0.26666666666666666,0.2717391304347826,45,82,40,5-permutation-null
0.5333333333333333,0.5326086956521738,45,82,41,5-permutation-null
0.4666666666666667,0.4614624505928854,45,82,42,5-permutation-null
0.4666666666666667,0.4624505928853755,45,82,43,5-permutation-null
0.5777777777777777,0.5830039525691699,45,82,44,5-permutation-null
0.5111111111111111,0.5098814229249011,45,82,45,5-permutation-null
0.4222222222222222,0.42292490118577075,45,82,46,5-permutation-null
0.4888888888888889,0.491106719367589,45,82,47,5-permutation-null
0.4444444444444444,0.44367588932806323,45,82,48,5-permutation-null
0.4666666666666667,0.4624505928853755,45,82,49,5-permutation-null
0.6,0.5988142292490118,45,82,50,5-permutation-null
0.4888888888888889,0.4851778656126482,45,82,51,5-permutation-null
0.4222222222222222,0.42193675889328064,45,82,52,5-permutation-null
0.3333333333333333,0.3359683794466403,45,82,53,5-permutation-null
0.35555555555555557,0.3517786561264822,45,82,54,5-permutation-null
0.3333333333333333,0.3290513833992095,45,82,55,5-permutation-null
0.5555555555555556,0.558300395256917,45,82,56,5-permutation-null
0.5111111111111111,0.5128458498023716,45,82,57,5-permutation-null
0.4222222222222222,0.42391304347826086,45,82,58,5-permutation-null
0.6444444444444445,0.6442687747035574,45,82,59,5-permutation-null
0.37777777777777777,0.3804347826086957,45,82,60,5-permutation-null
0.4666666666666667,0.47035573122529645,45,82,61,5-permutation-null
0.35555555555555557,0.3557312252964427,45,82,62,5-permutation-null
0.37777777777777777,0.37450592885375494,45,82,63,5-permutation-null
0.5555555555555556,0.5523715415019763,45,82,64,5-permutation-null
0.4222222222222222,0.42193675889328064,45,82,65,5-permutation-null
0.4666666666666667,0.46837944664031617,45,82,66,5-permutation-null
0.4222222222222222,0.4268774703557312,45,82,67,5-permutation-null
0.5777777777777777,0.5741106719367589,45,82,68,5-permutation-null
0.5555555555555556,0.5553359683794465,45,82,69,5-permutation-null
0.4666666666666667,0.4654150197628458,45,82,70,5-permutation-null
0.4222222222222222,0.4199604743083004,45,82,71,5-permutation-null
0.6222222222222222,0.6225296442687747,45,82,72,5-permutation-null
0.4,0.39920948616600793,45,82,73,5-permutation-null
0.4888888888888889,0.49308300395256915,45,82,74,5-permutation-null
0.5555555555555556,0.5533596837944664,45,82,75,5-permutation-null
0.28888888888888886,0.29051383399209485,45,82,76,5-permutation-null
0.4888888888888889,0.48814229249011853,45,82,77,5-permutation-null
0.6,0.599802371541502,45,82,78,5-permutation-null
0.6444444444444445,0.6432806324110671,45,82,79,5-permutation-null
0.4,0.3982213438735178,45,82,80,5-permutation-null
0.4666666666666667,0.47035573122529645,45,82,81,5-permutation-null
0.5111111111111111,0.5108695652173914,45,82,82,5-permutation-null
0.4444444444444444,0.4407114624505929,45,82,83,5-permutation-null
0.4666666666666667,0.46837944664031617,45,82,84,5-permutation-null
0.4444444444444444,0.44367588932806323,45,82,85,5-permutation-null
0.4444444444444444,0.4486166007905138,45,82,86,5-permutation-null
0.4,0.39229249011857703,45,82,87,5-permutation-null
0.37777777777777777,0.37549407114624506,45,82,88,5-permutation-null
0.5111111111111111,0.5098814229249011,45,82,89,5-permutation-null
0.5111111111111111,0.5118577075098814,45,82,90,5-permutation-null
0.37777777777777777,0.37450592885375494,45,82,91,5-permutation-null
0.5111111111111111,0.5098814229249011,45,82,92,5-permutation-null
0.5333333333333333,0.5326086956521738,45,82,93,5-permutation-null
0.6,0.6037549407114624,45,82,94,5-permutation-null
0.4444444444444444,0.4407114624505929,45,82,95,5-permutation-null
0.4222222222222222,0.42193675889328064,45,82,96,5-permutation-null
0.5111111111111111,0.5118577075098814,45,82,97,5-permutation-null
0.4222222222222222,0.4199604743083004,45,82,98,5-permutation-null
0.5111111111111111,0.5108695652173914,45,82,99,5-permutation-null
0.5813953488372093,0.5822510822510822,43,37,0,5-permutation-null
0.3953488372093023,0.3906926406926407,43,37,1,5-permutation-null
0.46511627906976744,0.4653679653679653,43,37,2,5-permutation-null
0.5581395348837209,0.5595238095238095,43,37,3,5-permutation-null
0.4418604651162791,0.43939393939393934,43,37,4,5-permutation-null
0.4883720930232558,0.48484848484848486,43,37,5,5-permutation-null
0.4883720930232558,0.48484848484848486,43,37,6,5-permutation-null
0.5348837209302325,0.525974025974026,43,37,7,5-permutation-null
0.5116279069767442,0.5064935064935066,43,37,8,5-permutation-null
0.3023255813953488,0.3051948051948052,43,37,9,5-permutation-null
0.4418604651162791,0.4329004329004329,43,37,10,5-permutation-null
0.4186046511627907,0.4231601731601732,43,37,11,5-permutation-null
0.4883720930232558,0.49242424242424243,43,37,12,5-permutation-null
0.627906976744186,0.6255411255411256,43,37,13,5-permutation-null
0.6046511627906976,0.6028138528138528,43,37,14,5-permutation-null
0.4418604651162791,0.45021645021645024,43,37,15,5-permutation-null
0.4883720930232558,0.48593073593073594,43,37,16,5-permutation-null
0.5116279069767442,0.5097402597402597,43,37,17,5-permutation-null
0.3953488372093023,0.39935064935064934,43,37,18,5-permutation-null
0.3953488372093023,0.39935064935064934,43,37,19,5-permutation-null
0.4883720930232558,0.47943722943722944,43,37,20,5-permutation-null
0.46511627906976744,0.4632034632034632,43,37,21,5-permutation-null
0.46511627906976744,0.47294372294372294,43,37,22,5-permutation-null
0.6744186046511628,0.672077922077922,43,37,23,5-permutation-null
0.6046511627906976,0.5995670995670996,43,37,24,5-permutation-null
0.4418604651162791,0.4383116883116883,43,37,25,5-permutation-null
0.7209302325581395,0.7207792207792207,43,37,26,5-permutation-null
0.4186046511627907,0.42099567099567103,43,37,27,5-permutation-null
0.46511627906976744,0.45670995670995673,43,37,28,5-permutation-null
0.3953488372093023,0.39935064935064934,43,37,29,5-permutation-null
0.4418604651162791,0.4372294372294372,43,37,30,5-permutation-null
0.5116279069767442,0.5151515151515151,43,37,31,5-permutation-null
0.6744186046511628,0.6742424242424242,43,37,32,5-permutation-null
0.5813953488372093,0.5811688311688312,43,37,33,5-permutation-null
0.5348837209302325,0.5313852813852813,43,37,34,5-permutation-null
0.46511627906976744,0.4675324675324675,43,37,35,5-permutation-null
0.5581395348837209,0.5606060606060606,43,37,36,5-permutation-null
0.5348837209302325,0.5357142857142857,43,37,37,5-permutation-null
0.3953488372093023,0.3874458874458875,43,37,38,5-permutation-null
0.4883720930232558,0.4826839826839827,43,37,39,5-permutation-null
0.46511627906976744,0.47186147186147187,43,37,40,5-permutation-null
0.5116279069767442,0.5086580086580086,43,37,41,5-permutation-null
0.5348837209302325,0.54004329004329,43,37,42,5-permutation-null
0.46511627906976744,0.4653679653679653,43,37,43,5-permutation-null
0.5348837209302325,0.5313852813852813,43,37,44,5-permutation-null
0.5813953488372093,0.579004329004329,43,37,45,5-permutation-null
0.4883720930232558,0.4826839826839827,43,37,46,5-permutation-null
0.4883720930232558,0.48484848484848486,43,37,47,5-permutation-null
0.4186046511627907,0.42099567099567103,43,37,48,5-permutation-null
0.3953488372093023,0.3971861471861472,43,37,49,5-permutation-null
0.5348837209302325,0.5281385281385281,43,37,50,5-permutation-null
0.4186046511627907,0.41774891774891776,43,37,51,5-permutation-null
0.46511627906976744,0.46969696969696967,43,37,52,5-permutation-null
0.3488372093023256,0.35064935064935066,43,37,53,5-permutation-null
0.4418604651162791,0.44480519480519476,43,37,54,5-permutation-null
0.5116279069767442,0.5075757575757576,43,37,55,5-permutation-null
0.5581395348837209,0.5541125541125541,43,37,56,5-permutation-null
0.3488372093023256,0.354978354978355,43,37,57,5-permutation-null
0.5348837209302325,0.5432900432900433,43,37,58,5-permutation-null
0.5348837209302325,0.5335497835497836,43,37,59,5-permutation-null
0.4883720930232558,0.48051948051948057,43,37,60,5-permutation-null
0.5116279069767442,0.5216450216450216,43,37,61,5-permutation-null
0.4418604651162791,0.4361471861471861,43,37,62,5-permutation-null
0.5348837209302325,0.5324675324675324,43,37,63,5-permutation-null
0.3488372093023256,0.35173160173160173,43,37,64,5-permutation-null
0.4883720930232558,0.4956709956709957,43,37,65,5-permutation-null
0.4418604651162791,0.4372294372294372,43,37,66,5-permutation-null
0.7209302325581395,0.722943722943723,43,37,67,5-permutation-null
0.5813953488372093,0.5854978354978355,43,37,68,5-permutation-null
0.4418604651162791,0.44805194805194803,43,37,69,5-permutation-null
0.4186046511627907,0.42207792207792205,43,37,70,5-permutation-null
0.5348837209302325,0.5238095238095238,43,37,71,5-permutation-null
0.3953488372093023,0.3917748917748918,43,37,72,5-permutation-null
0.5813953488372093,0.5822510822510822,43,37,73,5-permutation-null
0.37209302325581395,0.3701298701298701,43,37,74,5-permutation-null
0.4418604651162791,0.43506493506493504,43,37,75,5-permutation-null
0.4418604651162791,0.43939393939393934,43,37,76,5-permutation-null
0.4418604651162791,0.4329004329004329,43,37,77,5-permutation-null
0.5813953488372093,0.5822510822510822,43,37,78,5-permutation-null
0.4418604651162791,0.4458874458874459,43,37,79,5-permutation-null
0.46511627906976744,0.4599567099567099,43,37,80,5-permutation-null
0.5116279069767442,0.5108225108225108,43,37,81,5-permutation-null
0.5813953488372093,0.577922077922078,43,37,82,5-permutation-null
0.37209302325581395,0.3777056277056277,43,37,83,5-permutation-null
0.6046511627906976,0.6006493506493507,43,37,84,5-permutation-null
0.6046511627906976,0.6082251082251082,43,37,85,5-permutation-null
0.5813953488372093,0.5844155844155844,43,37,86,5-permutation-null
0.627906976744186,0.6244588744588744,43,37,87,5-permutation-null
0.4418604651162791,0.4426406926406926,43,37,88,5-permutation-null
0.6046511627906976,0.6017316017316017,43,37,89,5-permutation-null
0.3488372093023256,0.35173160173160173,43,37,90,5-permutation-null
0.4418604651162791,0.43506493506493504,43,37,91,5-permutation-null
0.32558139534883723,0.32575757575757575,43,37,92,5-permutation-null
0.5581395348837209,0.5551948051948051,43,37,93,5-permutation-null
0.3953488372093023,0.39935064935064934,43,37,94,5-permutation-null
0.46511627906976744,0.4675324675324675,43,37,95,5-permutation-null
0.46511627906976744,0.4707792207792208,43,37,96,5-permutation-null
0.4418604651162791,0.44805194805194803,43,37,97,5-permutation-null
0.46511627906976744,0.4588744588744589,43,37,98,5-permutation-null
0.3023255813953488,0.3041125541125541,43,37,99,5-permutation-null
