acc,bal_acc,n,subject,rung
0.7333333333333333,0.7282608695652174,45,1,8-transfer-exec-to-imag
0.6444444444444445,0.6492094861660079,45,2,8-transfer-exec-to-imag
0.4888888888888889,0.4980237154150198,45,3,8-transfer-exec-to-imag
0.6666666666666666,0.6699604743083004,45,4,8-transfer-exec-to-imag
0.4666666666666667,0.4970238095238095,45,5,8-transfer-exec-to-imag
0.9333333333333333,0.9318181818181819,45,7,8-transfer-exec-to-imag
0.5,0.5045454545454545,42,9,8-transfer-exec-to-imag
0.7333333333333333,0.7202380952380952,45,10,8-transfer-exec-to-imag
0.6888888888888889,0.6907114624505929,45,11,8-transfer-exec-to-imag
0.7111111111111111,0.7202380952380952,45,12,8-transfer-exec-to-imag
0.6071428571428571,0.5871794871794872,28,13,8-transfer-exec-to-imag
0.6,0.5958498023715415,45,14,8-transfer-exec-to-imag
0.7555555555555555,0.7559288537549407,45,15,8-transfer-exec-to-imag
0.5555555555555556,0.5592885375494071,45,16,8-transfer-exec-to-imag
0.5111111111111111,0.5079051383399209,45,18,8-transfer-exec-to-imag
0.725,0.7196969696969697,40,19,8-transfer-exec-to-imag
0.6,0.6047430830039526,45,20,8-transfer-exec-to-imag
0.6842105263157895,0.6833333333333333,38,21,8-transfer-exec-to-imag
0.6666666666666666,0.6679841897233202,45,23,8-transfer-exec-to-imag
0.7631578947368421,0.7633053221288515,38,24,8-transfer-exec-to-imag
0.6666666666666666,0.6660079051383399,45,25,8-transfer-exec-to-imag
0.5555555555555556,0.558300395256917,45,28,8-transfer-exec-to-imag
0.7777777777777778,0.7826086956521738,45,29,8-transfer-exec-to-imag
0.6222222222222222,0.6130952380952381,45,30,8-transfer-exec-to-imag
0.8,0.7994071146245059,45,31,8-transfer-exec-to-imag
0.5777777777777777,0.5684523809523809,45,32,8-transfer-exec-to-imag
0.6444444444444445,0.650197628458498,45,33,8-transfer-exec-to-imag
0.6976744186046512,0.698051948051948,43,34,8-transfer-exec-to-imag
0.8444444444444444,0.841897233201581,45,35,8-transfer-exec-to-imag
0.5777777777777777,0.5780632411067194,45,36,8-transfer-exec-to-imag
0.5116279069767442,0.5021645021645021,43,37,8-transfer-exec-to-imag
0.6585365853658537,0.645933014354067,41,39,8-transfer-exec-to-imag
0.6222222222222222,0.6279761904761905,45,40,8-transfer-exec-to-imag
0.45454545454545453,0.47619047619047616,44,41,8-transfer-exec-to-imag
0.9333333333333333,0.9337944664031621,45,42,8-transfer-exec-to-imag
0.5777777777777777,0.5830039525691699,45,43,8-transfer-exec-to-imag
0.7647058823529411,0.7543859649122806,34,44,8-transfer-exec-to-imag
0.6666666666666666,0.6729249011857708,45,45,8-transfer-exec-to-imag
0.5111111111111111,0.5,45,46,8-transfer-exec-to-imag
0.5333333333333333,0.5535714285714286,45,47,8-transfer-exec-to-imag
0.8823529411764706,0.8819444444444444,34,48,8-transfer-exec-to-imag
0.813953488372093,0.8149350649350648,43,49,8-transfer-exec-to-imag
0.6888888888888889,0.6946640316205533,45,50,8-transfer-exec-to-imag
0.6222222222222222,0.6369047619047619,45,51,8-transfer-exec-to-imag
0.7906976744186046,0.7922077922077921,43,52,8-transfer-exec-to-imag
0.8888888888888888,0.8873517786561265,45,53,8-transfer-exec-to-imag
0.7727272727272727,0.7826086956521738,44,54,8-transfer-exec-to-imag
0.7333333333333333,0.7371541501976284,45,55,8-transfer-exec-to-imag
0.5333333333333333,0.5208333333333334,45,58,8-transfer-exec-to-imag
0.5555555555555556,0.5803571428571428,45,59,8-transfer-exec-to-imag
0.6136363636363636,0.6136363636363636,44,60,8-transfer-exec-to-imag
0.65,0.65,40,61,8-transfer-exec-to-imag
0.8888888888888888,0.8913043478260869,45,62,8-transfer-exec-to-imag
0.6136363636363636,0.6118012422360248,44,64,8-transfer-exec-to-imag
0.5777777777777777,0.6011904761904762,45,65,8-transfer-exec-to-imag
0.5555555555555556,0.5632411067193676,45,67,8-transfer-exec-to-imag
0.5555555555555556,0.5464426877470356,45,68,8-transfer-exec-to-imag
0.6,0.5952380952380952,45,69,8-transfer-exec-to-imag
0.8444444444444444,0.8448616600790514,45,70,8-transfer-exec-to-imag
0.8604651162790697,0.8603896103896104,43,72,8-transfer-exec-to-imag
0.5952380952380952,0.5952380952380952,42,73,8-transfer-exec-to-imag
0.5116279069767442,0.5140692640692641,43,74,8-transfer-exec-to-imag
0.6666666666666666,0.6681818181818182,42,75,8-transfer-exec-to-imag
0.5952380952380952,0.5952380952380952,42,76,8-transfer-exec-to-imag
0.6222222222222222,0.5982142857142857,45,77,8-transfer-exec-to-imag
0.6046511627906976,0.6017316017316017,43,79,8-transfer-exec-to-imag
0.6444444444444445,0.6432806324110671,45,80,8-transfer-exec-to-imag
0.7333333333333333,0.7381422924901186,45,82,8-transfer-exec-to-imag
0.5555555555555556,0.5513833992094861,45,84,8-transfer-exec-to-imag
0.8444444444444444,0.8478260869565217,45,85,8-transfer-exec-to-imag
0.4090909090909091,0.40909090909090906,44,87,8-transfer-exec-to-imag
0.5777777777777777,0.5711462450592886,45,90,8-transfer-exec-to-imag
0.7777777777777778,0.7786561264822134,45,93,8-transfer-exec-to-imag
0.9111111111111111,0.9100790513833992,45,94,8-transfer-exec-to-imag
0.5116279069767442,0.5010822510822511,43,95,8-transfer-exec-to-imag
0.7441860465116279,0.7489177489177489,43,96,8-transfer-exec-to-imag
0.6363636363636364,0.6363636363636364,44,97,8-transfer-exec-to-imag
0.5142857142857142,0.4934210526315789,35,99,8-transfer-exec-to-imag
0.5714285714285714,0.5714285714285714,42,102,8-transfer-exec-to-imag
0.6222222222222222,0.6254940711462451,45,105,8-transfer-exec-to-imag
0.6222222222222222,0.6190476190476191,45,107,8-transfer-exec-to-imag
0.6829268292682927,0.675,41,108,8-transfer-exec-to-imag
0.6,0.6027667984189724,45,109,8-transfer-exec-to-imag
0.6666666666666666,0.6689723320158103,45,1,8-transfer-imag-to-exec
0.6888888888888889,0.6867588932806324,45,2,8-transfer-imag-to-exec
0.5777777777777777,0.5830039525691699,45,3,8-transfer-imag-to-exec
0.6190476190476191,0.6190476190476191,42,4,8-transfer-imag-to-exec
0.5333333333333333,0.5434782608695652,45,5,8-transfer-imag-to-exec
1.0,1.0,45,7,8-transfer-imag-to-exec
0.4772727272727273,0.4772727272727273,44,9,8-transfer-imag-to-exec
0.7777777777777778,0.7648809523809523,45,10,8-transfer-imag-to-exec
0.6444444444444445,0.6442687747035574,45,11,8-transfer-imag-to-exec
0.7555555555555555,0.7708333333333333,45,12,8-transfer-imag-to-exec
0.6451612903225806,0.64375,31,13,8-transfer-imag-to-exec
0.6444444444444445,0.6472332015810276,45,14,8-transfer-imag-to-exec
0.6976744186046512,0.6926406926406926,43,15,8-transfer-imag-to-exec
0.5111111111111111,0.5177865612648221,45,16,8-transfer-imag-to-exec
0.5111111111111111,0.5138339920948617,45,18,8-transfer-imag-to-exec
0.8372093023255814,0.8347826086956522,43,19,8-transfer-imag-to-exec
0.5777777777777777,0.5863095238095238,45,20,8-transfer-imag-to-exec
0.6666666666666666,0.6666666666666667,36,21,8-transfer-imag-to-exec
0.5454545454545454,0.5527950310559007,44,23,8-transfer-imag-to-exec
0.575,0.575,40,24,8-transfer-imag-to-exec
0.6888888888888889,0.6867588932806324,45,25,8-transfer-imag-to-exec
0.4772727272727273,0.4668737060041408,44,28,8-transfer-imag-to-exec
0.8222222222222222,0.8260869565217391,45,29,8-transfer-imag-to-exec
0.6,0.6027667984189724,45,30,8-transfer-imag-to-exec
0.6888888888888889,0.6946640316205533,45,31,8-transfer-imag-to-exec
0.8666666666666667,0.866600790513834,45,32,8-transfer-imag-to-exec
0.5555555555555556,0.5267857142857143,45,33,8-transfer-imag-to-exec
0.8095238095238095,0.8095238095238095,42,34,8-transfer-imag-to-exec
0.7555555555555555,0.7559523809523809,45,35,8-transfer-imag-to-exec
0.6,0.5938735177865613,45,36,8-transfer-imag-to-exec
0.5476190476190477,0.5476190476190477,42,37,8-transfer-imag-to-exec
0.7333333333333333,0.7351778656126482,45,39,8-transfer-imag-to-exec
0.6222222222222222,0.6225296442687747,45,40,8-transfer-imag-to-exec
0.4523809523809524,0.45238095238095233,42,41,8-transfer-imag-to-exec
0.9333333333333333,0.9318181818181819,45,42,8-transfer-imag-to-exec
0.6363636363636364,0.650103519668737,44,43,8-transfer-imag-to-exec
0.775,0.7904040404040404,40,44,8-transfer-imag-to-exec
0.7777777777777778,0.7776679841897234,45,45,8-transfer-imag-to-exec
0.4888888888888889,0.5,45,46,8-transfer-imag-to-exec
0.5111111111111111,0.5118577075098814,45,47,8-transfer-imag-to-exec
0.9210526315789473,0.9210526315789473,38,48,8-transfer-imag-to-exec
0.8409090909090909,0.8409090909090909,44,49,8-transfer-imag-to-exec
0.5555555555555556,0.5238095238095238,45,50,8-transfer-imag-to-exec
0.6428571428571429,0.6428571428571428,42,51,8-transfer-imag-to-exec
0.7555555555555555,0.7539525691699605,45,52,8-transfer-imag-to-exec
0.8666666666666667,0.8646245059288538,45,53,8-transfer-imag-to-exec
0.7333333333333333,0.7381422924901186,45,54,8-transfer-imag-to-exec
0.7555555555555555,0.7608695652173914,45,55,8-transfer-imag-to-exec
0.5333333333333333,0.5237154150197628,45,58,8-transfer-imag-to-exec
0.5227272727272727,0.5331262939958592,44,59,8-transfer-imag-to-exec
0.6190476190476191,0.6190476190476191,42,60,8-transfer-imag-to-exec
0.7209302325581395,0.7130434782608696,43,61,8-transfer-imag-to-exec
0.7333333333333333,0.7381422924901186,45,62,8-transfer-imag-to-exec
0.6428571428571429,0.6428571428571428,42,64,8-transfer-imag-to-exec
0.4888888888888889,0.5,45,65,8-transfer-imag-to-exec
0.5333333333333333,0.5296442687747036,45,67,8-transfer-imag-to-exec
0.6,0.6007905138339921,45,68,8-transfer-imag-to-exec
0.5333333333333333,0.5286561264822134,45,69,8-transfer-imag-to-exec
0.7555555555555555,0.7598814229249011,45,70,8-transfer-imag-to-exec
0.6904761904761905,0.6904761904761905,42,72,8-transfer-imag-to-exec
0.5714285714285714,0.5714285714285714,42,73,8-transfer-imag-to-exec
0.5714285714285714,0.5714285714285714,42,74,8-transfer-imag-to-exec
0.6976744186046512,0.6958874458874459,43,75,8-transfer-imag-to-exec
0.5714285714285714,0.5714285714285714,42,76,8-transfer-imag-to-exec
0.5581395348837209,0.5380434782608696,43,77,8-transfer-imag-to-exec
0.625,0.6152882205513784,40,79,8-transfer-imag-to-exec
0.6444444444444445,0.6413043478260869,45,80,8-transfer-imag-to-exec
0.6666666666666666,0.6709486166007905,45,82,8-transfer-imag-to-exec
0.6046511627906976,0.5815217391304348,43,84,8-transfer-imag-to-exec
0.8888888888888888,0.8893280632411067,45,85,8-transfer-imag-to-exec
0.4444444444444444,0.43452380952380953,45,87,8-transfer-imag-to-exec
0.7555555555555555,0.7559523809523809,45,90,8-transfer-imag-to-exec
0.6888888888888889,0.683794466403162,45,93,8-transfer-imag-to-exec
0.9555555555555556,0.9565217391304348,45,94,8-transfer-imag-to-exec
0.4772727272727273,0.4855072463768116,44,95,8-transfer-imag-to-exec
0.7317073170731707,0.7345238095238096,41,96,8-transfer-imag-to-exec
0.5777777777777777,0.5741106719367589,45,97,8-transfer-imag-to-exec
0.6052631578947368,0.6111111111111112,38,99,8-transfer-imag-to-exec
0.6190476190476191,0.6190476190476191,42,102,8-transfer-imag-to-exec
0.6888888888888889,0.6815476190476191,45,105,8-transfer-imag-to-exec
0.7,0.6967418546365914,40,107,8-transfer-imag-to-exec
0.6,0.5889724310776943,40,108,8-transfer-imag-to-exec
0.6410256410256411,0.6486842105263158,39,109,8-transfer-imag-to-exec
